candidate_id,natural_or_constructed,candidate_status,citing_pmcid,citing_title,citing_context_marked,citing_sentence_marked,citing_xml_paragraph,citing_doi,citing_url,citing_license,citing_xml_sha256,cited_pmcid,cited_title,cited_evidence,cited_xml_paragraph,cited_doi,cited_url,cited_license,cited_xml_sha256,evidence_locator,overlap_check,annotator_1_id,annotator_1_label,annotator_1_evidence_status,annotator_1_evidence_locator,annotator_1_reason,annotator_2_id,annotator_2_label,annotator_2_evidence_status,annotator_2_evidence_locator,annotator_2_reason,project_label,adjudicated_label,adjudication_reason,return_status,source_retrieved_at,annotator_2_evidence_text,annotator_label_agreement,evidence_status_agreement,joint_review_note,adjudication_basis,adjudication_rule_note,adjudicator_confirmation
PMC-OA-V2-01,natural,正式试标集（自然发生引用；已定位、双标与裁决）,PMC13627012,Flow diversion versus conventional endovascular treatment for ruptured basilar artery dissecting aneurysms: a single-center cohort study,"The basilar artery differs importantly from the vertebral artery in both anatomy and therapeutic tolerance. In selected vertebral artery dissections, treatment decisions are often dominated by the relationship between the lesion and the posterior inferior cerebellar artery, and parent artery occlusion may be feasible when collateral circulation is adequate. In contrast, the basilar trunk gives rise to numerous critical pontine perforators and generally cannot be sacrificed without a substantial risk of devastating brainstem ischemia. Reconstructive devices placed across the basilar trunk may also cover multiple perforator origins. Consequently, experience derived predominantly from vertebral artery dissecting aneurysms cannot be directly extrapolated to BADA ([CITED:PMC10715499]).","Consequently, experience derived predominantly from vertebral artery dissecting aneurysms cannot be directly extrapolated to BADA ([CITED:PMC10715499]).",8,10.3389/fneur.2026.1940068,https://pmc.ncbi.nlm.nih.gov/articles/PMC13627012/,https://creativecommons.org/licenses/by/4.0/,F92992333EBF802EDFC11D8E3B0790C3B728EA93D3F6417B845FEC56CE933B67,PMC10715499,Reconstructive endovascular treatment for basilar artery trunk aneurysms: complications and clinical and angiography outcomes,Basilar artery trunk aneurysms (BTAs) are rare intracranial aneurysms. We aim to investigate the procedural complications and clinical and angiographic outcomes of BTAs treated with reconstructive endovascular treatment (EVT).,1,10.1136/jnis-2022-019864,https://pmc.ncbi.nlm.nih.gov/articles/PMC10715499/,https://creativecommons.org/licenses/by-nc/4.0/,B0E94E71DA1EF955F0404E56EA4584E885A5A462D50FF0C6D9978C3BBFD7EB45,citing:PMC13627012:xml_p=8; cited:PMC10715499:abstract_p=1; BioC_passage=2; offset=137,已核对：与现有 train/dev/test、调参和评测集无重叠（陈明进 2026-10-04 确认）,member1_chenmingjin,NOT_ACCURATE,已定位,citing:PMC13627012:xml_p=8; cited:PMC10715499:abstract_p=1; BioC_passage=2; offset=137,证据仅为BTA研究目的(we aim to investigate)，未给出不能外推的结论,member2_liyun,NOT_ACCURATE,已定位,citing:PMC13627012:xml_p=8; cited:PMC10715499:abstract_p=1; BioC_passage=2; offset=137,证据仅说明研究目的，未支持‘椎动脉经验不能外推到BADA’这一结论；当前定位需源文复核。,NOT_ACCURATE,NOT_ACCURATE,双方一致（NOT_ACCURATE）；证据定位已完成，且已确认与现有 train/dev/test、调参和评测集无重叠，写入最终 project_label。,已双标,,,一致,一致,沿用 v2 正式裁决记录；原始字段保留,沿用 pmc_oa_v2_final_trial_set_v3_2026-10-04,,v2 正式裁决记录（2026-10-04）
PMC-OA-V2-02,natural,正式试标集（自然发生引用；已定位、双标与裁决）,PMC13627012,Flow diversion versus conventional endovascular treatment for ruptured basilar artery dissecting aneurysms: a single-center cohort study,"Endovascular therapy has become the principal treatment approach because the basilar trunk is deep-seated and closely related to the brainstem and perforating arteries, making microsurgical repair highly challenging. Conventional strategies, including coil embolization, stent-assisted coiling, and overlapping stents, may rapidly secure the presumed rupture site but can be limited by dissecting or fusiform morphology, incomplete exclusion of the diseased arterial segment, recurrence, and ischemic complications ([CITED:PMC10715499], [OTHER_CITATION], [OTHER_CITATION]).","Conventional strategies, including coil embolization, stent-assisted coiling, and overlapping stents, may rapidly secure the presumed rupture site but can be limited by dissecting or fusiform morphology, incomplete exclusion of the diseased arterial segment, recurrence, and ischemic complications ([CITED:PMC10715499], [OTHER_CITATION], [OTHER_CITATION]).",9,10.3389/fneur.2026.1940068,https://pmc.ncbi.nlm.nih.gov/articles/PMC13627012/,https://creativecommons.org/licenses/by/4.0/,F92992333EBF802EDFC11D8E3B0790C3B728EA93D3F6417B845FEC56CE933B67,PMC10715499,Reconstructive endovascular treatment for basilar artery trunk aneurysms: complications and clinical and angiography outcomes,Basilar artery trunk aneurysms (BTAs) are rare intracranial aneurysms. We aim to investigate the procedural complications and clinical and angiographic outcomes of BTAs treated with reconstructive endovascular treatment (EVT).,1,10.1136/jnis-2022-019864,https://pmc.ncbi.nlm.nih.gov/articles/PMC10715499/,https://creativecommons.org/licenses/by-nc/4.0/,B0E94E71DA1EF955F0404E56EA4584E885A5A462D50FF0C6D9978C3BBFD7EB45,citing:PMC13627012:xml_p=9; cited:PMC10715499:abstract_p=1; BioC_passage=2; offset=137,已核对：与现有 train/dev/test、调参和评测集无重叠（陈明进 2026-10-04 确认）,member1_chenmingjin,NOT_ACCURATE,已定位,citing:PMC13627012:xml_p=9; cited:PMC10715499:abstract_p=1; BioC_passage=2; offset=137,证据仅为BTA研究目的，未支持传统策略的具体局限性,member2_liyun,NOT_ACCURATE,已定位,citing:PMC13627012:xml_p=9; cited:PMC10715499:abstract_p=1; BioC_passage=2; offset=137,证据仅说明BTA研究目的，未支持传统策略局限、复发或缺血并发症等完整主张；当前定位需源文复核。,NOT_ACCURATE,NOT_ACCURATE,双方一致（NOT_ACCURATE）；证据定位已完成，且已确认与现有 train/dev/test、调参和评测集无重叠，写入最终 project_label。,已完成双人标注、证据定位、最终裁决与去重确认,,,一致,一致,沿用 v2 正式裁决记录；原始字段保留,沿用 pmc_oa_v2_final_trial_set_v3_2026-10-04,,v2 正式裁决记录（2026-10-04）
PMC-OA-V2-03,natural,正式试标集（自然发生引用；已定位、双标与裁决）,PMC13627012,Flow diversion versus conventional endovascular treatment for ruptured basilar artery dissecting aneurysms: a single-center cohort study,"Endovascular therapy has become the principal treatment approach because the basilar trunk is deep-seated and closely related to the brainstem and perforating arteries, making microsurgical repair highly challenging. Conventional strategies, including coil embolization, stent-assisted coiling, and overlapping stents, may rapidly secure the presumed rupture site but can be limited by dissecting or fusiform morphology, incomplete exclusion of the diseased arterial segment, recurrence, and ischemic complications ([OTHER_CITATION], [OTHER_CITATION], [CITED:PMC5007409]).","Conventional strategies, including coil embolization, stent-assisted coiling, and overlapping stents, may rapidly secure the presumed rupture site but can be limited by dissecting or fusiform morphology, incomplete exclusion of the diseased arterial segment, recurrence, and ischemic complications ([OTHER_CITATION], [OTHER_CITATION], [CITED:PMC5007409]).",9,10.3389/fneur.2026.1940068,https://pmc.ncbi.nlm.nih.gov/articles/PMC13627012/,https://creativecommons.org/licenses/by/4.0/,F92992333EBF802EDFC11D8E3B0790C3B728EA93D3F6417B845FEC56CE933B67,PMC5007409,Stent-Assisted Coil Embolization of Vertebrobasilar Dissecting Aneurysms: Procedural Outcomes and Factors for Recanalization,"Outcomes of stent-assisted coil embolization (SACE) have not been well established in the setting of vertebrobasilar dissecting aneurysms (VBDAs) due to the low percentage of cases that need treatment and the array of available therapeutic options. Herein, we presented clinical and radiographic results of SACE in patients with VBDAs.",1,10.3348/kjr.2016.17.5.801,https://pmc.ncbi.nlm.nih.gov/articles/PMC5007409/,http://creativecommons.org/licenses/by-nc/3.0/,5F7B9C7EE6800A4235A04E84E0E66FF20C880F9970A58539D16B008E5C49D188,citing:PMC13627012:xml_p=9; cited:PMC5007409:abstract_p=1; BioC_passage=2; offset=135,已核对：与现有 train/dev/test、调参和评测集无重叠（陈明进 2026-10-04 确认）,member1_chenmingjin,NOT_ACCURATE,已定位,citing:PMC13627012:xml_p=9; cited:PMC5007409:abstract_p=1; BioC_passage=2; offset=135,证据仅支持SACE在VBDA中效果未确立，未覆盖claim全部传统策略及局限性,member2_liyun,NOT_ACCURATE,已定位,citing:PMC13627012:xml_p=9; cited:PMC5007409:abstract_p=1; BioC_passage=2; offset=135,证据只说明SACE在VBDA中的结局尚未充分建立，未覆盖claim列出的全部传统策略及具体局限；当前定位需源文复核。,NOT_ACCURATE,NOT_ACCURATE,双方一致（NOT_ACCURATE）；证据定位已完成，且已确认与现有 train/dev/test、调参和评测集无重叠，写入最终 project_label。,已完成双人标注、证据定位、最终裁决与去重确认,,,一致,一致,沿用 v2 正式裁决记录；原始字段保留,沿用 pmc_oa_v2_final_trial_set_v3_2026-10-04,,v2 正式裁决记录（2026-10-04）
PMC-OA-V2-04,natural,正式试标集（自然发生引用；已定位、双标与裁决）,PMC13627012,Flow diversion versus conventional endovascular treatment for ruptured basilar artery dissecting aneurysms: a single-center cohort study,"The institutional aneurysm treatment database was retrospectively reviewed for the study period. Patients were eligible if they had: (1) basilar artery dissection confirmed by multimodal imaging, defined by at least one of the following findings: a double lumen or intimal flap on digital subtraction angiography (DSA) or MR imaging, an intramural hematoma on MR imaging, or a characteristic pearl-and-string appearance consisting of aneurysmal or fusiform dilatation contiguous with an adjacent stenotic segment on DSA; (2) spontaneous subarachnoid hemorrhage as the initial clinical presentation, with the hemorrhage attributed to the basilar lesion; (3) endovascular treatment; and (4) complete clinical data and at least one valid follow-up assessment. For lesions diagnosed mainly on the basis of pearl-and-string morphology, the diagnosis was independently reviewed by at least two experienced neurointerventionalists. Differential diagnosis incorporated the DSA appearance, relevant medical and vascular risk-factor history, serum lipid testing, and the distribution of atherosclerotic changes; selected equivocal cases underwent high-resolution vessel wall MR imaging and/or laboratory evaluation for arteritis. Infection, trauma, and iatrogenic injury were excluded on the basis of the clinical history and available laboratory and imaging findings. Patients with unruptured lesions, ischemic presentation without subarachnoid hemorrhage, no endovascular treatment, or incomplete clinical or follow-up data were excluded. Patients managed without endovascular treatment were excluded because the study was designed to evaluate and compare endovascular treatment strategies ([CITED:PMC10850450]).",Patients managed without endovascular treatment were excluded because the study was designed to evaluate and compare endovascular treatment strategies ([CITED:PMC10850450]).,13,10.3389/fneur.2026.1940068,https://pmc.ncbi.nlm.nih.gov/articles/PMC13627012/,https://creativecommons.org/licenses/by/4.0/,F92992333EBF802EDFC11D8E3B0790C3B728EA93D3F6417B845FEC56CE933B67,PMC10850450,Emerging Concept of Intracranial Arterial Diseases: The Role of High Resolution Vessel Wall MRI,"Intracranial arterial disease (ICAD) is a heterogeneous condition characterized by distinct pathologies, including atherosclerosis. Advances in magnetic resonance technology have enabled the visualization of intracranial arteries using high-resolution vessel wall imaging (HR-VWI). This review summarizes the anatomical, embryological, and histological differences between the intracranial and extracranial arteries. Next, we review the heterogeneous pathophysiology of ICAD, including atherosclerosis, moyamoya or RNF213 spectrum disease, intracranial dissection, and vasculitis. We also discuss how advances in HR-VWI can be used to differentiate ICAD etiologies. We emphasize that one should consider clinical presentation and timing of imaging in the absence of pathology-radiology correlation data. Future research should focus on understanding the temporal profile of HR-VWI findings and developing quantitative interpretative approaches to improve the decision-making and management of ICAD.",1,10.5853/jos.2023.02481,https://pmc.ncbi.nlm.nih.gov/articles/PMC10850450/,https://creativecommons.org/licenses/by-nc/4.0/,9B1D983A7A23A645D10E51D25705BCBFC1AF0DDD0175CB2E2E5C6E051A36970E,citing:PMC13627012:xml_p=13; cited:PMC10850450:abstract_p=1; BioC_passage=1; offset=96,已核对：与现有 train/dev/test、调参和评测集无重叠（陈明进 2026-10-04 确认）,member1_chenmingjin,IRRELEVANT,已定位,citing:PMC13627012:xml_p=13; cited:PMC10850450:abstract_p=1; BioC_passage=1; offset=96,被引文献为ICAD与HR-VWI综述，与claim中排除未接受EVT患者的标准不相关,member2_liyun,IRRELEVANT,已定位,citing:PMC13627012:xml_p=13; cited:PMC10850450:abstract_p=1; BioC_passage=1; offset=96,被引文献是ICAD与HR-VWI综述，未涉及不接受EVT患者的排除标准；当前定位需源文复核。,IRRELEVANT,IRRELEVANT,双方一致（IRRELEVANT）；证据定位已完成，且已确认与现有 train/dev/test、调参和评测集无重叠，写入最终 project_label。,已完成双人标注、证据定位、最终裁决与去重确认,,,一致,一致,沿用 v2 正式裁决记录；原始字段保留,沿用 pmc_oa_v2_final_trial_set_v3_2026-10-04,,v2 正式裁决记录（2026-10-04）
PMC-OA-V2-05,natural,正式试标集（自然发生引用；已定位、双标与裁决）,PMC13626993,"Case Report: Triple-negative metaplastic breast carcinoma with primary resistance to neoadjuvant chemoimmunotherapy, refractory tumor necrosis-related fever, and rapid postoperative disease progression","Breast cancer has become the most common malignancy among women worldwide, and metaplastic breast carcinoma (MpBC) represents a rare and highly heterogeneous subtype. Compared with conventional triple-negative breast cancer (TNBC), MpBC more commonly presents with a larger tumor size and locally advanced disease, with relatively less frequent axillary lymph node involvement but a higher risk of distant metastasis. In addition, its response to standard chemotherapy is generally poorer than that of conventional TNBC ([CITED:PMC11309924]–[OTHER_CITATION]). Owing to its rarity and marked pathological heterogeneity, treatment for MpBC is still largely extrapolated from therapeutic strategies for TNBC.","In addition, its response to standard chemotherapy is generally poorer than that of conventional TNBC ([CITED:PMC11309924]–[OTHER_CITATION]).",4,10.3389/fonc.2026.1943838,https://pmc.ncbi.nlm.nih.gov/articles/PMC13626993/,https://creativecommons.org/licenses/by/4.0/,19F779CB197E953D2FE4292E7926669ADBDC1B61FBEAB6A3DD703F82EAD1E7A1,PMC11309924,A comprehensive overview of metaplastic breast cancer: Features and treatments,"Metaplastic breast cancer is a rare, aggressive, and chemotherapy‐resistant subtype of breast cancers, accounting for less than 1% of invasive breast cancers, characterized by adenocarcinoma with spindle cells, squamous epithelium, and/or mesenchymal tissue differentiation. The majority of metaplastic breast cancers exhibit the characteristics of triple‐negative breast cancer and have unfavorable prognoses with a lower survival rate. This subtype often displays gene alterations in the PI3K/AKT pathway, Wnt/β‐catenin pathway, and cell cycle dysregulation and demonstrates epithelial–mesenchymal transition, immune response changes, TP53 mutation, EGFR amplification, and so on. Currently, the optimal treatment of metaplastic breast cancer remains uncertain. This article provides a comprehensive review on the clinical features, molecular characteristics, invasion and metastasis patterns, and prognosis of metaplastic breast cancer, as well as recent advancements in treatment strategies.",1,10.1111/cas.16208,https://pmc.ncbi.nlm.nih.gov/articles/PMC11309924/,https://creativecommons.org/licenses/by-nc-nd/4.0/,F05BAB6AE59FCB83879D3252F09BFD99128965BB38E674984F9F220EBA061A17,citing:PMC13626993:xml_p=4; cited:PMC11309924:abstract_p=1;2; BioC_passage=2;3; offset=88;1093,已核对：与现有 train/dev/test、调参和评测集无重叠（陈明进 2026-10-04 确认）,member1_chenmingjin,ACCURATE,已定位,citing:PMC13626993:xml_p=4; cited:PMC11309924:abstract_p=1;2; BioC_passage=2;3; offset=88;1093,证据支持化生性乳腺癌化疗耐药,member2_liyun,NOT_ACCURATE,已定位,citing:PMC13626993:xml_p=4; cited:PMC11309924:abstract_p=1;2; BioC_passage=2;3; offset=88;1093,证据说明化生性乳腺癌具有化疗耐药性，但未直接比较其标准化疗反应与传统TNBC；当前定位需源文复核。,NOT_ACCURATE,NOT_ACCURATE,陈明进标 ACCURATE，李云标 NOT_ACCURATE。被引摘要只说明化生性乳腺癌具有化疗耐药性，没有直接比较其标准化疗反应与传统TNBC，最终裁决为 NOT_ACCURATE；证据定位已完成，且已确认与现有 train/dev/test、调参和评测集无重叠，写入最终 project_label。,已完成双人标注、证据定位、最终裁决与去重确认,,,分歧,一致,沿用 v2 正式裁决记录；原始字段保留,沿用 pmc_oa_v2_final_trial_set_v3_2026-10-04,,v2 正式裁决记录（2026-10-04）
PMC-OA-V2-06,natural,正式试标集（自然发生引用；已定位、双标与裁决）,PMC13626993,"Case Report: Triple-negative metaplastic breast carcinoma with primary resistance to neoadjuvant chemoimmunotherapy, refractory tumor necrosis-related fever, and rapid postoperative disease progression","With the KEYNOTE-522 trial establishing the clinical value of pembrolizumab combined with neoadjuvant chemotherapy in high-risk early-stage triple-negative breast cancer, chemoimmunotherapy has become an important treatment strategy in clinical practice ([OTHER_CITATION]). However, metaplastic breast carcinoma has been underrepresented in pivotal clinical trials. In real-world settings, some patients may derive benefit from immunotherapy, whereas others may develop primary resistance, rapid disease progression, or an abnormal inflammatory response after treatment ([OTHER_CITATION]). A prospective study with a small sample size has shown that neoadjuvant chemoimmunotherapy may increase the pathological complete response (pCR) rate in patients with MpBC; nevertheless, approximately 20% of patients still experienced disease progression during treatment and required early surgery ([CITED:PMC12491465]). Therefore, when tumor enlargement, necrosis, fever, and rapid clinical deterioration occur during the treatment of MpBC, clinicians should consider a broad differential diagnosis, including infection, drug fever, immune-related adverse events, tumor necrosis-related fever, pseudoprogression, and hyperprogression.","A prospective study with a small sample size has shown that neoadjuvant chemoimmunotherapy may increase the pathological complete response (pCR) rate in patients with MpBC; nevertheless, approximately 20% of patients still experienced disease progression during treatment and required early surgery ([CITED:PMC12491465]).",5,10.3389/fonc.2026.1943838,https://pmc.ncbi.nlm.nih.gov/articles/PMC13626993/,https://creativecommons.org/licenses/by/4.0/,19F779CB197E953D2FE4292E7926669ADBDC1B61FBEAB6A3DD703F82EAD1E7A1,PMC12491465,Predictors of response to neoadjuvant chemo-immunotherapy in metaplastic triple-negative breast cancer,"Metaplastic breast cancer (MpBC) treated with standard chemotherapy has low rates of complete pathological response (pCR)(2–23%). In this study, we evaluate the response to neoadjuvant chemo-immunotherapy (NACI) in early-stage MpBC. Thirty-two stage I-III MpBC patients treated with NACI (KEYNOTE-522 regimen) were prospectively enrolled in an institutional rare tumor program. All MpBC were triple negative; most were of chondromyxoid/matrix-producing (12/32, 38%). The majority had stage II (78%) tumors, 12/32 (37.5%) patients completed NACI, 11/32 (34%) progressed during NACI, and in the remaining 9, NACI was discontinued due to side effects. The pCR rate in the entire cohort was 22% (7/32) and it was statistically higher (5/8, 62%) among patients with high ( ≥ 60%) stromal tumor-infiltrating lymphocytes (sTILs) as compared to patients with < 60% sTILs (1/11, 9%). Most patients received adjuvant systemic therapy (capecitabine 16/32, pembrolizumab 20/32). At a median follow-up of 13 months, there were a total of 2 local recurrences, 10 distant recurrences, and 7 deaths. We demonstrated a modest pCR rate in MpBC with the addition of pembrolizumab (22%). Nonetheless, amongst patients with high sTILs, high pCR rates—comparable to those in the KEYNOTE-522 trial—were observed. These findings suggest that sTILs can be used to triage MpBC patients for NACI.",1,10.1038/s41523-025-00816-w,https://pmc.ncbi.nlm.nih.gov/articles/PMC12491465/,https://creativecommons.org/licenses/by/4.0/,3AF14372E644E6AC0FBB5F5E31F184E621E57D5DA3AE4BCA3F959BC4907BFF4F,citing:PMC13626993:xml_p=5; cited:PMC12491465:abstract_p=1; BioC_passage=1; offset=103,已核对：与现有 train/dev/test、调参和评测集无重叠（陈明进 2026-10-04 确认）,member1_chenmingjin,NOT_ACCURATE,已定位,citing:PMC13626993:xml_p=5; cited:PMC12491465:abstract_p=1; BioC_passage=1; offset=103,具体比例与证据不符,member2_liyun,NOT_ACCURATE,已定位,citing:PMC13626993:xml_p=5; cited:PMC12491465:abstract_p=1; BioC_passage=1; offset=103,证据报告NACI期间11/32（34%）进展，未支持约20%且需早期手术的完整表述；当前定位需源文复核。,NOT_ACCURATE,NOT_ACCURATE,双方一致（NOT_ACCURATE）；证据定位已完成，且已确认与现有 train/dev/test、调参和评测集无重叠，写入最终 project_label。,已完成双人标注、证据定位、最终裁决与去重确认,,,一致,一致,沿用 v2 正式裁决记录；原始字段保留,沿用 pmc_oa_v2_final_trial_set_v3_2026-10-04,,v2 正式裁决记录（2026-10-04）
PMC-OA-V2-07,natural,正式试标集（自然发生引用；已定位、双标与裁决）,PMC13626993,"Case Report: Triple-negative metaplastic breast carcinoma with primary resistance to neoadjuvant chemoimmunotherapy, refractory tumor necrosis-related fever, and rapid postoperative disease progression","Tumor fever is usually a diagnosis of exclusion. Its underlying mechanisms are thought to involve tumor necrosis, immune-cell infiltration, and the release of endogenous pyrogenic mediators such as interleukin-1, interleukin-6, and tumor necrosis factor-α ([CITED:PMC6709302], [OTHER_CITATION]). The naproxen test, as reported in previous studies, has often been used as an adjunctive strategy to help distinguish tumor fever from infectious fever, but it cannot replace infectious workup or local lesion assessment ([CITED:PMC6709302], [OTHER_CITATION]). In this case, the naproxen test and cytokine profiling were not performed, which represents one of the limitations of this report. Nevertheless, the resolution of fever after resection of the necrotic tumor provided an important diagnostic clue.","Its underlying mechanisms are thought to involve tumor necrosis, immune-cell infiltration, and the release of endogenous pyrogenic mediators such as interleukin-1, interleukin-6, and tumor necrosis factor-α ([CITED:PMC6709302], [OTHER_CITATION]).",19,10.3389/fonc.2026.1943838,https://pmc.ncbi.nlm.nih.gov/articles/PMC13626993/,https://creativecommons.org/licenses/by/4.0/,19F779CB197E953D2FE4292E7926669ADBDC1B61FBEAB6A3DD703F82EAD1E7A1,PMC6709302,Naproxen for the treatment of neoplastic fever,"The effect of naproxen on the treatment of neoplastic fever is still unclear. A systematic review and meta-analysis were performed to investigate the effect of naproxen in the treatment of cancer fever or suspicion. Besides, the latest and most convincing evidence was provided for the earlier use of naproxen in treating cancer patients with fever of unknown origin.",1,10.1097/MD.0000000000015840,https://pmc.ncbi.nlm.nih.gov/articles/PMC6709302/,http://creativecommons.org/licenses/by-nc/4.0,3224042ADA327689A9E94BEFC3A4A9D72DC2641C16640C51742869013113759F,citing:PMC13626993:xml_p=19; cited:PMC6709302:abstract_p=1; BioC_passage=3; offset=68,已核对：与现有 train/dev/test、调参和评测集无重叠（陈明进 2026-10-04 确认）,member1_chenmingjin,NOT_ACCURATE,已定位,citing:PMC13626993:xml_p=19; cited:PMC6709302:abstract_p=1; BioC_passage=3; offset=68,证据为萘普生治疗肿瘤热的系统综述，未支持IL-1/IL-6/TNF-α等机制描述,member2_liyun,NOT_ACCURATE,已定位,citing:PMC13626993:xml_p=19; cited:PMC6709302:abstract_p=1; BioC_passage=3; offset=68,证据是萘普生治疗肿瘤热的综述，未支持肿瘤坏死、免疫细胞浸润及IL-1/IL-6/TNF-α机制；当前定位需源文复核。,NOT_ACCURATE,NOT_ACCURATE,双方一致（NOT_ACCURATE）；证据定位已完成，且已确认与现有 train/dev/test、调参和评测集无重叠，写入最终 project_label。,已完成双人标注、证据定位、最终裁决与去重确认,,,一致,一致,沿用 v2 正式裁决记录；原始字段保留,沿用 pmc_oa_v2_final_trial_set_v3_2026-10-04,,v2 正式裁决记录（2026-10-04）
PMC-OA-V2-08,natural,正式试标集（自然发生引用；已定位、双标与裁决）,PMC13626993,"Case Report: Triple-negative metaplastic breast carcinoma with primary resistance to neoadjuvant chemoimmunotherapy, refractory tumor necrosis-related fever, and rapid postoperative disease progression","Tumor fever is usually a diagnosis of exclusion. Its underlying mechanisms are thought to involve tumor necrosis, immune-cell infiltration, and the release of endogenous pyrogenic mediators such as interleukin-1, interleukin-6, and tumor necrosis factor-α ([CITED:PMC6709302], [OTHER_CITATION]). The naproxen test, as reported in previous studies, has often been used as an adjunctive strategy to help distinguish tumor fever from infectious fever, but it cannot replace infectious workup or local lesion assessment ([CITED:PMC6709302], [OTHER_CITATION]). In this case, the naproxen test and cytokine profiling were not performed, which represents one of the limitations of this report. Nevertheless, the resolution of fever after resection of the necrotic tumor provided an important diagnostic clue.","Its underlying mechanisms are thought to involve tumor necrosis, immune-cell infiltration, and the release of endogenous pyrogenic mediators such as interleukin-1, interleukin-6, and tumor necrosis factor-α ([CITED:PMC6709302], [OTHER_CITATION]).",19,10.3389/fonc.2026.1943838,https://pmc.ncbi.nlm.nih.gov/articles/PMC13626993/,https://creativecommons.org/licenses/by/4.0/,19F779CB197E953D2FE4292E7926669ADBDC1B61FBEAB6A3DD703F82EAD1E7A1,PMC6709302,Naproxen for the treatment of neoplastic fever,"The effect of naproxen on the treatment of neoplastic fever is still unclear. A systematic review and meta-analysis were performed to investigate the effect of naproxen in the treatment of cancer fever or suspicion. Besides, the latest and most convincing evidence was provided for the earlier use of naproxen in treating cancer patients with fever of unknown origin.",1,10.1097/MD.0000000000015840,https://pmc.ncbi.nlm.nih.gov/articles/PMC6709302/,http://creativecommons.org/licenses/by-nc/4.0,3224042ADA327689A9E94BEFC3A4A9D72DC2641C16640C51742869013113759F,citing:PMC13626993:xml_p=19; cited:PMC6709302:abstract_p=1; BioC_passage=3; offset=68,已核对：与现有 train/dev/test、调参和评测集无重叠（陈明进 2026-10-04 确认）,member1_chenmingjin,NOT_ACCURATE,已定位,citing:PMC13626993:xml_p=19; cited:PMC6709302:abstract_p=1; BioC_passage=3; offset=68,同V2-07，证据为萘普生治疗综述，未支持肿瘤热机制,member2_liyun,NOT_ACCURATE,已定位,citing:PMC13626993:xml_p=19; cited:PMC6709302:abstract_p=1; BioC_passage=3; offset=68,与V2-07相同，证据未支持肿瘤热机制的具体分子描述；当前定位需源文复核。,NOT_ACCURATE,NOT_ACCURATE,双方一致（NOT_ACCURATE）；证据定位已完成，且已确认与现有 train/dev/test、调参和评测集无重叠，写入最终 project_label。,已完成双人标注、证据定位、最终裁决与去重确认,,,一致,一致,沿用 v2 正式裁决记录；原始字段保留,沿用 pmc_oa_v2_final_trial_set_v3_2026-10-04,,v2 正式裁决记录（2026-10-04）
PMC-OA-V2-09,natural,正式试标集（自然发生引用；已定位、双标与裁决）,PMC13626999,Consumer choice and preference heterogeneity for liquid milk attributes in Sri Lanka: evidence from a choice experiment,"The COVID-19 pandemic, followed by a severe economic crisis, has negatively affected the nutritional status of people in Sri Lanka ([CITED:PMC11984007]). These crises caused disruptions in food supply chains and sharp increase in food prices, which reduced access to nutrient-rich foods and altered food consumption behavior ([OTHER_CITATION]). As highlighted by Weerasekara et al. ([OTHER_CITATION]), micronutrient malnutrition poses a serious threat to public health in Sri Lanka. Milk provides essential nutrients ([OTHER_CITATION]) and plays a vital role in supporting growth, health, and overall nutritional wellbeing ([OTHER_CITATION]). In the Sri Lankan context, promoting milk consumption is considered a key strategy to address nutritional deficiencies and improve overall dietary quality. Sri Lanka is one of the very few countries in the world that still consumes a large proportion of its milk in the form of powdered milk ([OTHER_CITATION]). Although both milk powder and processed liquid milk undergo heat treatment, liquid milk may retain higher levels of certain nutrients because milk powder production requires additional concentration and drying processes that may lead to nutrient losses. Milk powder production can result in losses of certain nutrients, such as lysine, vitamin A, tocopherols, riboflavin, and vitamin C ([OTHER_CITATION]). However, consumers in Sri Lanka tend to consume more powdered milk than fresh liquid milk. Notably, the consumption of fresh liquid milk in Sri Lanka is very low compared to other South Asian countries ([OTHER_CITATION]).","The COVID-19 pandemic, followed by a severe economic crisis, has negatively affected the nutritional status of people in Sri Lanka ([CITED:PMC11984007]).",2,10.3389/fnut.2026.1931191,https://pmc.ncbi.nlm.nih.gov/articles/PMC13626999/,https://creativecommons.org/licenses/by/4.0/,E172465602D150C2CF0035AD2BD9EC7D6B05CA810285E157E39587C2CFF256D9,PMC11984007,Dietary intake and micronutrient adequacy among adults engaged in agriculture in rural Sri Lanka: findings from a cross-sectional baseline survey,"To characterise food group consumption, assess the contribution of food groups to energy and micronutrient intake, and estimate usual nutrient intake among adults in rural Sri Lanka.",1,10.1017/S1368980025000072,https://pmc.ncbi.nlm.nih.gov/articles/PMC11984007/,https://creativecommons.org/licenses/by/4.0/,02088182D21EF32005CD48721432372EA163EC933A4F192BD96816F8170224BC,citing:PMC13626999:xml_p=2; cited:PMC11984007:abstract_p=1; BioC_passage=2; offset=157,已核对：与现有 train/dev/test、调参和评测集无重叠（陈明进 2026-10-04 确认）,member1_chenmingjin,NOT_ACCURATE,已定位,citing:PMC13626999:xml_p=2; cited:PMC11984007:abstract_p=1; BioC_passage=2; offset=157,证据为斯里兰卡农村成人营养摄入调查，未支持COVID-19及经济危机对营养状况的负面影响,member2_liyun,NOT_ACCURATE,已定位,citing:PMC13626999:xml_p=2; cited:PMC11984007:abstract_p=1; BioC_passage=2; offset=157,证据是斯里兰卡农村成人营养摄入调查，未支持新冠疫情及经济危机导致营养状况恶化；当前定位需源文复核。,NOT_ACCURATE,NOT_ACCURATE,双方一致（NOT_ACCURATE）；证据定位已完成，且已确认与现有 train/dev/test、调参和评测集无重叠，写入最终 project_label。,已完成双人标注、证据定位、最终裁决与去重确认,,,一致,一致,沿用 v2 正式裁决记录；原始字段保留,沿用 pmc_oa_v2_final_trial_set_v3_2026-10-04,,v2 正式裁决记录（2026-10-04）
PMC-OA-V2-10,natural,正式试标集（自然发生引用；已定位、双标与裁决）,PMC13626999,Consumer choice and preference heterogeneity for liquid milk attributes in Sri Lanka: evidence from a choice experiment,"The COVID-19 pandemic, followed by a severe economic crisis, has negatively affected the nutritional status of people in Sri Lanka ([OTHER_CITATION]). These crises caused disruptions in food supply chains and sharp increase in food prices, which reduced access to nutrient-rich foods and altered food consumption behavior ([OTHER_CITATION]). As highlighted by Weerasekara et al. ([CITED:PMC7696452]), micronutrient malnutrition poses a serious threat to public health in Sri Lanka. Milk provides essential nutrients ([OTHER_CITATION]) and plays a vital role in supporting growth, health, and overall nutritional wellbeing ([OTHER_CITATION]). In the Sri Lankan context, promoting milk consumption is considered a key strategy to address nutritional deficiencies and improve overall dietary quality. Sri Lanka is one of the very few countries in the world that still consumes a large proportion of its milk in the form of powdered milk ([OTHER_CITATION]). Although both milk powder and processed liquid milk undergo heat treatment, liquid milk may retain higher levels of certain nutrients because milk powder production requires additional concentration and drying processes that may lead to nutrient losses. Milk powder production can result in losses of certain nutrients, such as lysine, vitamin A, tocopherols, riboflavin, and vitamin C ([OTHER_CITATION]). However, consumers in Sri Lanka tend to consume more powdered milk than fresh liquid milk. Notably, the consumption of fresh liquid milk in Sri Lanka is very low compared to other South Asian countries ([OTHER_CITATION]).","([CITED:PMC7696452]), micronutrient malnutrition poses a serious threat to public health in Sri Lanka.",2,10.3389/fnut.2026.1931191,https://pmc.ncbi.nlm.nih.gov/articles/PMC13626999/,https://creativecommons.org/licenses/by/4.0/,E172465602D150C2CF0035AD2BD9EC7D6B05CA810285E157E39587C2CFF256D9,PMC7696452,"Understanding Dietary Diversity, Dietary Practices and Changes in Food Patterns in Marginalised Societies in Sri Lanka","Micronutrient malnutrition is a serious public health problem in developing countries, including Sri Lanka. Most frequently, micronutrient malnutrition is experienced by the poorest households due to cereal-based, monotonous diets that lack dietary diversity. Sri Lankan traditional food system is changing day by day. In parallel, nutrition deficiencies, malnutrition, and noncommunicable diseases are the most significant problems today in Sri Lanka. Therefore, understanding dietary diversity and dietary changes in Sri Lanka must be studied to address related public health issues. This study investigates nutrition adequacy, dietary diversity, dietary practice, and traditional food pattern changes in different marginalised areas in Sri Lanka. A cross-sectional survey was done using 24 h food recall and an administrative questionnaire for 400 women of reproductive age (WRA) (18–49 years old) in marginalised areas in Sri Lanka. The random sampling method was used for data collection. The research confirmed that different areas had poor dietary practices, with macronutrient imbalance and alarmingly low intakes of micronutrients. Interestingly, the diversity of food was higher in rural areas than in urban areas. Approximately 83% of women in urban areas did not meet minimum dietary diversity (MDD-W). Overall, about 63% of reproductive age women did not meet MDD-W and food security. The mean MDD-W for both areas was low. Significant differences in MDD-W levels were found in the two areas (F = 90.483, p < 0.05). The sample showed a significant positive correlation between MDD-W and area, monthly income, educational level, food source, BMI level and health status ( R 2 = 360; p < 0.01). This sample did not find that the consumption of traditional varieties of foods and agrobiodiversity are decreasing. Additionally, the study confirmed that low dietary diversity impacts nutrition status and health. The results highlight that the leading causes for low diet diversity are decreased dependence on own production, increased purchasing food at markets, lack of suitable lands to cultivate, agro-commercialisation, less knowledge of food and nutrition, loss of traditional food culture, low income and high prices of food. Inappropriate food patterns, nutrition policies and governance in Sri Lanka are the main factors to the nutrition findings. The study finding will help the decision-making authorities or policymakers to design suitable nutrition programs for vulnerable people in marginalised areas and to use these to strengthen a sustainable food and nutrition system in Sri Lanka.",1,10.3390/foods9111659,https://pmc.ncbi.nlm.nih.gov/articles/PMC7696452/,https://creativecommons.org/licenses/by/4.0/,86362B03404A617A45191ED3CC8667D7573FABDD3CA1EBA95DA2BCF7D5421ACE,citing:PMC13626999:xml_p=2; cited:PMC7696452:abstract_p=1; BioC_passage=1; offset=119,已核对：与现有 train/dev/test、调参和评测集无重叠（陈明进 2026-10-04 确认）,member1_chenmingjin,ACCURATE,已定位,citing:PMC13626999:xml_p=2; cited:PMC7696452:abstract_p=1; BioC_passage=1; offset=119,证据直接指出微量营养素营养不良是包括斯里兰卡在内的发展中国家严重公共卫生问题,member2_liyun,ACCURATE,已定位,citing:PMC13626999:xml_p=2; cited:PMC7696452:abstract_p=1; BioC_passage=1; offset=119,证据直接指出微量营养素营养不良是包括斯里兰卡在内的发展中国家的严重公共卫生问题；当前定位需源文复核。,ACCURATE,ACCURATE,双方一致（ACCURATE）；证据定位已完成，且已确认与现有 train/dev/test、调参和评测集无重叠，写入最终 project_label。,已完成双人标注、证据定位、最终裁决与去重确认,,,一致,一致,沿用 v2 正式裁决记录；原始字段保留,沿用 pmc_oa_v2_final_trial_set_v3_2026-10-04,,v2 正式裁决记录（2026-10-04）
PMC-OA-V2-11,natural,正式试标集（自然发生引用；已定位、双标与裁决）,PMC13626999,Consumer choice and preference heterogeneity for liquid milk attributes in Sri Lanka: evidence from a choice experiment,"The COVID-19 pandemic, followed by a severe economic crisis, has negatively affected the nutritional status of people in Sri Lanka ([OTHER_CITATION]). These crises caused disruptions in food supply chains and sharp increase in food prices, which reduced access to nutrient-rich foods and altered food consumption behavior ([OTHER_CITATION]). As highlighted by Weerasekara et al. ([OTHER_CITATION]), micronutrient malnutrition poses a serious threat to public health in Sri Lanka. Milk provides essential nutrients ([CITED:PMC8793832]) and plays a vital role in supporting growth, health, and overall nutritional wellbeing ([OTHER_CITATION]). In the Sri Lankan context, promoting milk consumption is considered a key strategy to address nutritional deficiencies and improve overall dietary quality. Sri Lanka is one of the very few countries in the world that still consumes a large proportion of its milk in the form of powdered milk ([OTHER_CITATION]). Although both milk powder and processed liquid milk undergo heat treatment, liquid milk may retain higher levels of certain nutrients because milk powder production requires additional concentration and drying processes that may lead to nutrient losses. Milk powder production can result in losses of certain nutrients, such as lysine, vitamin A, tocopherols, riboflavin, and vitamin C ([OTHER_CITATION]). However, consumers in Sri Lanka tend to consume more powdered milk than fresh liquid milk. Notably, the consumption of fresh liquid milk in Sri Lanka is very low compared to other South Asian countries ([OTHER_CITATION]).","Milk provides essential nutrients ([CITED:PMC8793832]) and plays a vital role in supporting growth, health, and overall nutritional wellbeing ([OTHER_CITATION]).",2,10.3389/fnut.2026.1931191,https://pmc.ncbi.nlm.nih.gov/articles/PMC13626999/,https://creativecommons.org/licenses/by/4.0/,E172465602D150C2CF0035AD2BD9EC7D6B05CA810285E157E39587C2CFF256D9,PMC8793832,Modeling the Contribution of Milk to Global Nutrition,"Nutrient-rich foods play a major role in countering the challenges of nourishing an increasing global population. Milk is a source of high-quality protein and bioavailable amino acids, several vitamins, and minerals such as calcium. We used the DELTA Model, which calculates the delivery of nutrition from global food production scenarios, to examine the role of milk in global nutrition. Of the 29 nutrients considered by the model, milk contributes to the global availability of 28. Milk is the main contributing food item for calcium (49% of global nutrient availability), Vitamin B2 (24%), lysine (18%), and dietary fat (15%), and contributes more than 10% of global nutrient availability for a further five indispensable amino acids, protein, vitamins A, B5, and B12, phosphorous, and potassium. Despite these high contributions to individual nutrients, milk is responsible for only 7% of food energy availability, indicating a valuable contribution to global nutrition without necessitating high concomitant energy intakes. Among the 98 food items considered by the model, milk ranks in the top five contributors to 23 of the 29 nutrients modeled. This quantification of the importance of milk to global nutrition in the current global food system demonstrates the need for the high valuation of this food when considering future changes to the system.",1,10.3389/fnut.2021.716100,https://pmc.ncbi.nlm.nih.gov/articles/PMC8793832/,https://creativecommons.org/licenses/by/4.0/,258F4875A40BC81DB5857056953F6246BF9162533993E7F50B93447314D14429,citing:PMC13626999:xml_p=2; cited:PMC8793832:abstract_p=1; BioC_passage=1; offset=54,已核对：与现有 train/dev/test、调参和评测集无重叠（陈明进 2026-10-04 确认）,member1_chenmingjin,ACCURATE,已定位,citing:PMC13626999:xml_p=2; cited:PMC8793832:abstract_p=1; BioC_passage=1; offset=54,证据明确描述牛奶为优质蛋白、氨基酸、维生素和矿物质来源，支持claim,member2_liyun,ACCURATE,已定位,citing:PMC13626999:xml_p=2; cited:PMC8793832:abstract_p=1; BioC_passage=1; offset=54,证据直接说明牛奶提供优质蛋白、氨基酸、维生素和矿物质，并对全球营养供给有重要贡献；当前定位需源文复核。,ACCURATE,ACCURATE,双方一致（ACCURATE）；证据定位已完成，且已确认与现有 train/dev/test、调参和评测集无重叠，写入最终 project_label。,已完成双人标注、证据定位、最终裁决与去重确认,,,一致,一致,沿用 v2 正式裁决记录；原始字段保留,沿用 pmc_oa_v2_final_trial_set_v3_2026-10-04,,v2 正式裁决记录（2026-10-04）
PMC-OA-V2-12,natural,正式试标集（自然发生引用；已定位、双标与裁决）,PMC13626999,Consumer choice and preference heterogeneity for liquid milk attributes in Sri Lanka: evidence from a choice experiment,"Consumers’ choices regarding liquid milk consumption are influenced by various milk attributes. Several studies have investigated consumers’ preferences for liquid milk attributes worldwide. Among the milk attributes, consumers’ preferences for milk fat content have been widely investigated by several researchers ([CITED:PMC6982324]–[OTHER_CITATION]). Evidence from prior studies across various countries highlighted that milk fat is an important factor in the choices of liquid milk. The literature further shows that preferences for milk fat vary across countries.","Among the milk attributes, consumers’ preferences for milk fat content have been widely investigated by several researchers ([CITED:PMC6982324]–[OTHER_CITATION]).",6,10.3389/fnut.2026.1931191,https://pmc.ncbi.nlm.nih.gov/articles/PMC13626999/,https://creativecommons.org/licenses/by/4.0/,E172465602D150C2CF0035AD2BD9EC7D6B05CA810285E157E39587C2CFF256D9,PMC6982324,"Consumers’ Willingness to Pay for Imported Milk: Based on Shanghai, China","Against the backdrop of the continuous large-scale growth of imported milk in China, in this research 310 consumers in Shanghai were used as a sample, and a choice experiment was conducted to study consumer preference and willingness to pay for imported milk. The following product attributes were included: nutrition claim, fat content, flavor, country of origin, and price. Our results show that, excepting price, consumers consider flavor the most important attribute, followed by nutrition claim, fat content, and country of origin. Consumers can be delineated into four segments based on consumer preference for the attributes of imported milk: “nutrition claim seekers” are willing to pay the highest price for imported milk with nutrition claims, “indifferent” consumers pay little attention to imported milk attributes, “flavor-oriented” consumers have a strong preference for strawberry-flavored imported milk, and “price-sensitive” consumers weigh the price when choosing imported milk.",1,10.3390/ijerph17010244,https://pmc.ncbi.nlm.nih.gov/articles/PMC6982324/,https://creativecommons.org/licenses/by/4.0/,02BFF1BDD73534318E0FBC35D136525253C15F8EF1AEE51702AF01FED1BA5DD8,citing:PMC13626999:xml_p=6; cited:PMC6982324:abstract_p=1; BioC_passage=1; offset=76,已核对：与现有 train/dev/test、调参和评测集无重叠（陈明进 2026-10-04 确认）,member1_chenmingjin,ACCURATE,已定位,citing:PMC13626999:xml_p=6; cited:PMC6982324:abstract_p=1; BioC_passage=1; offset=76,证据在众多的属性里有提到脂肪量,member2_liyun,NOT_ACCURATE,已定位,citing:PMC13626999:xml_p=6; cited:PMC6982324:abstract_p=1; BioC_passage=1; offset=76,证据只显示一项研究把脂肪含量列为牛奶属性，未支持‘已被多位研究者广泛研究’；当前定位需源文复核。,NOT_ACCURATE,NOT_ACCURATE,陈明进标 ACCURATE，李云标 NOT_ACCURATE。被引摘要只显示脂肪含量是单项研究的属性之一，不能支持‘已被多位研究者广泛研究’，最终裁决为 NOT_ACCURATE；证据定位已完成，且已确认与现有 train/dev/test、调参和评测集无重叠，写入最终 project_label。,已完成双人标注、证据定位、最终裁决与去重确认,,,分歧,一致,沿用 v2 正式裁决记录；原始字段保留,沿用 pmc_oa_v2_final_trial_set_v3_2026-10-04,,v2 正式裁决记录（2026-10-04）
PMC-OA-V2-13,natural,正式试标集（自然发生引用；已定位、双标与裁决）,PMC13626999,Consumer choice and preference heterogeneity for liquid milk attributes in Sri Lanka: evidence from a choice experiment,"In the literature, studies have investigated consumer preference for the heat treatment of liquid milk. Previous studies show that heat treatment and processing methods influence consumer choices in liquid milk consumption. Bai et al. ([OTHER_CITATION]), Sckokai et al. ([OTHER_CITATION]) assessed consumers’ preferences for the heat treatment attribute of liquid milk and reported a strong preference for pasteurized milk over UHT-treated milk in China and Italy, respectively. The literature indicates that nutrition claims have been a key determinant of milk purchases. For instance, Xu et al. ([CITED:PMC6982324]) found that Chinese consumers preferred milk fortified with a combination of iron (Fe), calcium (Ca), zinc (Zn), and vitamin D over milk containing only vitamins A and D.","([CITED:PMC6982324]) found that Chinese consumers preferred milk fortified with a combination of iron (Fe), calcium (Ca), zinc (Zn), and vitamin D over milk containing only vitamins A and D.",7,10.3389/fnut.2026.1931191,https://pmc.ncbi.nlm.nih.gov/articles/PMC13626999/,https://creativecommons.org/licenses/by/4.0/,E172465602D150C2CF0035AD2BD9EC7D6B05CA810285E157E39587C2CFF256D9,PMC6982324,"Consumers’ Willingness to Pay for Imported Milk: Based on Shanghai, China","Against the backdrop of the continuous large-scale growth of imported milk in China, in this research 310 consumers in Shanghai were used as a sample, and a choice experiment was conducted to study consumer preference and willingness to pay for imported milk. The following product attributes were included: nutrition claim, fat content, flavor, country of origin, and price. Our results show that, excepting price, consumers consider flavor the most important attribute, followed by nutrition claim, fat content, and country of origin. Consumers can be delineated into four segments based on consumer preference for the attributes of imported milk: “nutrition claim seekers” are willing to pay the highest price for imported milk with nutrition claims, “indifferent” consumers pay little attention to imported milk attributes, “flavor-oriented” consumers have a strong preference for strawberry-flavored imported milk, and “price-sensitive” consumers weigh the price when choosing imported milk.",1,10.3390/ijerph17010244,https://pmc.ncbi.nlm.nih.gov/articles/PMC6982324/,https://creativecommons.org/licenses/by/4.0/,02BFF1BDD73534318E0FBC35D136525253C15F8EF1AEE51702AF01FED1BA5DD8,citing:PMC13626999:xml_p=7; cited:PMC6982324:abstract_p=1; BioC_passage=1; offset=76,已核对：与现有 train/dev/test、调参和评测集无重叠（陈明进 2026-10-04 确认）,member1_chenmingjin,NOT_ACCURATE,已定位,citing:PMC13626999:xml_p=7; cited:PMC6982324:abstract_p=1; BioC_passage=1; offset=76,证据为进口牛奶偏好选择实验，摘要未提供Fe/Ca/Zn/维D强化vs仅维A/D的具体偏好数据,member2_liyun,NOT_ACCURATE,已定位,citing:PMC13626999:xml_p=7; cited:PMC6982324:abstract_p=1; BioC_passage=1; offset=76,证据列出营养声明、脂肪含量等属性，但未给出Fe/Ca/Zn/维生素D强化与仅A/D之间的偏好结果；当前定位需源文复核。,NOT_ACCURATE,NOT_ACCURATE,双方一致（NOT_ACCURATE）；证据定位已完成，且已确认与现有 train/dev/test、调参和评测集无重叠，写入最终 project_label。,已完成双人标注、证据定位、最终裁决与去重确认,,,一致,一致,沿用 v2 正式裁决记录；原始字段保留,沿用 pmc_oa_v2_final_trial_set_v3_2026-10-04,,v2 正式裁决记录（2026-10-04）
PMC-OA-V2-14,natural,正式试标集（自然发生引用；已定位、双标与裁决）,PMC13626989,"Effects of caffeine supplementation on post-exercise recovery: a systematic review and three-level meta-analysis of perceptual, functional performance, physiological, and sleep outcomes","High-intensity training and competition can deplete energy stores, disrupt muscle structure, and disturb physiological homeostasis, while also inducing muscle soreness, perceived fatigue, and reductions in strength and exercise performance. Effective post-exercise recovery facilitates the restoration of physiological homeostasis, replenishment of energy stores, repair of exercise-induced tissue damage, and maintenance of subsequent training and competitive performance. This is particularly important for athletes facing short recovery intervals or repeated competition demands ([OTHER_CITATION]; [CITED:PMC12297025]). However, post-exercise recovery is not a unitary process. Perceived soreness and fatigue, muscle function, physiological markers of muscle damage, and sleep may follow different recovery trajectories, and the severity of delayed-onset muscle soreness may not accurately reflect the extent of muscle damage ([OTHER_CITATION]; [OTHER_CITATION]). Accordingly, reliance on a single indicator may not adequately capture overall recovery status. Given the multidimensional nature of post-exercise recovery, the present study classified and evaluated relevant outcomes across four domains: perceptual, functional, physiological, and sleep recovery.",This is particularly important for athletes facing short recovery intervals or repeated competition demands ([OTHER_CITATION]; [CITED:PMC12297025]).,6,10.3389/fphys.2026.1960237,https://pmc.ncbi.nlm.nih.gov/articles/PMC13626989/,https://creativecommons.org/licenses/by/4.0/,5E871A8A6A549C1C49443CDA88D089134051C79F73D94CAC1B07F7999D79E25F,PMC12297025,Nutritional Strategies to Improve Post-exercise Recovery and Subsequent Exercise Performance: A Narrative Review,"Post-exercise recovery strategies influence the body’s ability to restore physiological homeostasis, replenish energy stores, repair muscle damage, and promote desired adaptations, which improve exercise performance. This narrative review examines the impact of nutritional strategies commonly used for enhancing recovery and subsequent exercise performance, particularly when athletes face short recovery periods. Carbohydrate ingestion is essential for glycogen replenishment, especially within the initial hours post-exercise, with its impact dependent on the types, timing, and amount. Protein is essential for accelerating muscle recovery and achieving a positive nitrogen balance, depending on the type and dosage. The co-ingestion of carbohydrates with proteins or fats is explored for its role in maximizing glycogen resynthesis and muscle repair, with evidence supporting the addition of protein to suboptimal carbohydrate intake for enhanced recovery. Moreover, this review addresses the potential benefits of creatine and caffeine co-ingestion for accelerating glycogen synthesis and improving subsequent performance. Hydration strategies, including the use of milk-based beverages and electrolyte solutions, are also discussed, emphasizing their importance in maintaining fluid balance and optimizing recovery. This review also highlights the emerging role of micronutrients such as omega-3 fatty acids, antioxidants, and sodium bicarbonate in reducing muscle damage and improving acid–base balance. Evidence supports the tailored use of these nutritional strategies, particularly for athletes managing tight competition/training schedules. Future research should focus on refining individualized approaches for recovery and investigating the impact of novel supplements on subsequent performance.",1,10.1007/s40279-025-02213-6,https://pmc.ncbi.nlm.nih.gov/articles/PMC12297025/,https://creativecommons.org/licenses/by/4.0/,5FD3C8C7F06D6D14BD2C49669280BEBA191003E7ED69DC6E19D3758CA173A565,citing:PMC13626989:xml_p=6; cited:PMC12297025:abstract_p=1; BioC_passage=1; offset=113,已核对：与现有 train/dev/test、调参和评测集无重叠（陈明进 2026-10-04 确认）,member1_chenmingjin,ACCURATE,已定位,citing:PMC13626989:xml_p=6; cited:PMC12297025:abstract_p=1; BioC_passage=1; offset=113,证据为运动后恢复营养策略综述，支持恢复策略对短恢复间隔运动员的重要性,member2_liyun,ACCURATE,已定位,citing:PMC13626989:xml_p=6; cited:PMC12297025:abstract_p=1; BioC_passage=1; offset=113,证据直接说明营养恢复策略对短恢复间隔运动员尤其重要；当前定位需源文复核。,ACCURATE,ACCURATE,双方一致（ACCURATE）；证据定位已完成，且已确认与现有 train/dev/test、调参和评测集无重叠，写入最终 project_label。,已完成双人标注、证据定位、最终裁决与去重确认,,,一致,一致,沿用 v2 正式裁决记录；原始字段保留,沿用 pmc_oa_v2_final_trial_set_v3_2026-10-04,,v2 正式裁决记录（2026-10-04）
PMC-OA-V2-15,natural,正式试标集（自然发生引用；已定位、双标与裁决）,PMC13626989,"Effects of caffeine supplementation on post-exercise recovery: a systematic review and three-level meta-analysis of perceptual, functional performance, physiological, and sleep outcomes","Caffeine is one of the most widely used nutritional supplements among physically active individuals and is well established as an acute ergogenic aid, with 3–6 mg/kg body mass being the most commonly investigated effective dose range ([CITED:PMC5839013]; [OTHER_CITATION]). Its effects are largely attributed to adenosine-receptor antagonism, which may reduce perceived exertion and pain and help maintain exercise performance. However, such transient improvements in performance do not necessarily indicate accelerated restoration of physiological homeostasis or tissue repair, complicating the interpretation of caffeine as a recovery aid.","Caffeine is one of the most widely used nutritional supplements among physically active individuals and is well established as an acute ergogenic aid, with 3–6 mg/kg body mass being the most commonly investigated effective dose range ([CITED:PMC5839013]; [OTHER_CITATION]).",7,10.3389/fphys.2026.1960237,https://pmc.ncbi.nlm.nih.gov/articles/PMC13626989/,https://creativecommons.org/licenses/by/4.0/,5E871A8A6A549C1C49443CDA88D089134051C79F73D94CAC1B07F7999D79E25F,PMC5839013,Effects of caffeine intake on muscle strength and power: a systematic review and meta-analysis,Caffeine is commonly used as an ergogenic aid. Literature about the effects of caffeine ingestion on muscle strength and power is equivocal. The aim of this systematic review and meta-analysis was to summarize results from individual studies on the effects of caffeine intake on muscle strength and power.,1,10.1186/s12970-018-0216-0,https://pmc.ncbi.nlm.nih.gov/articles/PMC5839013/,https://creativecommons.org/licenses/by/4.0/,E15FEB3B9C1F214896A9C03EC34708809F3C157C9AACC721973DB4D296BC0BEE,citing:PMC13626989:xml_p=7; cited:PMC5839013:abstract_p=1; BioC_passage=2; offset=106,已核对：与现有 train/dev/test、调参和评测集无重叠（陈明进 2026-10-04 确认）,member1_chenmingjin,NOT_ACCURATE,已定位,citing:PMC13626989:xml_p=7; cited:PMC5839013:abstract_p=1; BioC_passage=2; offset=106,证据支持咖啡因为运动增效剂，但指出对力量/功率效果不一致，且未提及3-6mg/kg剂量范围,member2_liyun,NOT_ACCURATE,已定位,citing:PMC13626989:xml_p=7; cited:PMC5839013:abstract_p=1; BioC_passage=2; offset=106,证据支持咖啡因作为运动增效剂，但未支持3–6 mg/kg剂量范围，且对力量和功率的效果被描述为不确定；当前定位需源文复核。,NOT_ACCURATE,NOT_ACCURATE,双方一致（NOT_ACCURATE）；证据定位已完成，且已确认与现有 train/dev/test、调参和评测集无重叠，写入最终 project_label。,已完成双人标注、证据定位、最终裁决与去重确认,,,一致,一致,沿用 v2 正式裁决记录；原始字段保留,沿用 pmc_oa_v2_final_trial_set_v3_2026-10-04,,v2 正式裁决记录（2026-10-04）
PMC-OA-V2-16,natural,正式试标集（自然发生引用；已定位、双标与裁决）,PMC13626989,"Effects of caffeine supplementation on post-exercise recovery: a systematic review and three-level meta-analysis of perceptual, functional performance, physiological, and sleep outcomes","Caffeine is one of the most widely used nutritional supplements among physically active individuals and is well established as an acute ergogenic aid, with 3–6 mg/kg body mass being the most commonly investigated effective dose range ([OTHER_CITATION]; [CITED:PMC7777221]). Its effects are largely attributed to adenosine-receptor antagonism, which may reduce perceived exertion and pain and help maintain exercise performance. However, such transient improvements in performance do not necessarily indicate accelerated restoration of physiological homeostasis or tissue repair, complicating the interpretation of caffeine as a recovery aid.","Caffeine is one of the most widely used nutritional supplements among physically active individuals and is well established as an acute ergogenic aid, with 3–6 mg/kg body mass being the most commonly investigated effective dose range ([OTHER_CITATION]; [CITED:PMC7777221]).",7,10.3389/fphys.2026.1960237,https://pmc.ncbi.nlm.nih.gov/articles/PMC13626989/,https://creativecommons.org/licenses/by/4.0/,5E871A8A6A549C1C49443CDA88D089134051C79F73D94CAC1B07F7999D79E25F,PMC7777221,International society of sports nutrition position stand: caffeine and exercise performance,"Following critical evaluation of the available literature to date, The International Society of Sports Nutrition (ISSN) position regarding caffeine intake is as follows: Supplementation with caffeine has been shown to acutely enhance various aspects of exercise performance in many but not all studies. Small to moderate benefits of caffeine use include, but are not limited to: muscular endurance, movement velocity and muscular strength, sprinting, jumping, and throwing performance, as well as a wide range of aerobic and anaerobic sport-specific actions.",1,10.1186/s12970-020-00383-4,https://pmc.ncbi.nlm.nih.gov/articles/PMC7777221/,https://creativecommons.org/licenses/by/4.0/,21248D3DC1A802C26BD8409E281DE36313F756E9066F5995390A3BDDB668759D,citing:PMC13626989:xml_p=7; cited:PMC7777221:abstract_p=1; BioC_passage=1;12; offset=92;2572,已核对：与现有 train/dev/test、调参和评测集无重叠（陈明进 2026-10-04 确认）,member1_chenmingjin,NOT-ACCURATE,已定位,citing:PMC13626989:xml_p=7; cited:PMC7777221:abstract_p=1; BioC_passage=1;12; offset=92;2572,ISSN立场声明支持咖啡因为急性运动增效剂，3-6mg/kg范围未提及,member2_liyun,NOT_ACCURATE,已定位,citing:PMC13626989:xml_p=7; cited:PMC7777221:abstract_p=1; BioC_passage=1;12; offset=92;2572,证据支持咖啡因可急性增强部分运动表现，但未给出claim中的3–6 mg/kg有效剂量范围；当前定位需源文复核。,NOT_ACCURATE,NOT_ACCURATE,双方一致（统一 NOT-ACCURATE 为 NOT_ACCURATE）；证据定位已完成，且已确认与现有 train/dev/test、调参和评测集无重叠，写入最终 project_label。,已完成双人标注、证据定位、最终裁决与去重确认,,,分歧,一致,沿用 v2 正式裁决记录；原始字段保留,沿用 pmc_oa_v2_final_trial_set_v3_2026-10-04,,v2 正式裁决记录（2026-10-04）
PMC-OA-V2-17,natural,正式试标集（自然发生引用；已定位、双标与裁决）,PMC13626989,"Effects of caffeine supplementation on post-exercise recovery: a systematic review and three-level meta-analysis of perceptual, functional performance, physiological, and sleep outcomes","The effects of caffeine on perceptual, functional, and physiological recovery after exercise remain controversial. Previous studies have reported inconsistent findings regarding pain and muscle soreness, strength recovery, and physiological markers of muscle damage. Some evidence suggests that caffeine ingestion after exercise-induced muscle damage may reduce pain perception or temporarily improve neuromuscular function; however, these changes are not consistently accompanied by corresponding improvements in physiological markers such as creatine kinase ([OTHER_CITATION]; [CITED:PMC9099525]; [OTHER_CITATION]; [OTHER_CITATION]; [OTHER_CITATION]). Existing meta-analyses have also reached different conclusions regarding delayed-onset muscle soreness. Some evidence suggests that caffeine may reduce soreness at specific recovery time points, whereas more recent findings indicate that it does not consistently improve pain at 24, 48, or 72 h after exercise ([OTHER_CITATION]; [OTHER_CITATION]). These inconsistencies may reflect differences in exercise-induced muscle damage models, caffeine dose and caffeine ingestion timing, assessment time points, and outcome measures. They also suggest that perceptual improvement, maintenance of functional performance, and physiological tissue repair may represent distinct recovery processes ([CITED:PMC9099525]; [OTHER_CITATION]; [OTHER_CITATION]; [OTHER_CITATION]).","Some evidence suggests that caffeine ingestion after exercise-induced muscle damage may reduce pain perception or temporarily improve neuromuscular function; however, these changes are not consistently accompanied by corresponding improvements in physiological markers such as creatine kinase ([OTHER_CITATION]; [CITED:PMC9099525]; [OTHER_CITATION]; [OTHER_CITATION]; [OTHER_CITATION]).",8,10.3389/fphys.2026.1960237,https://pmc.ncbi.nlm.nih.gov/articles/PMC13626989/,https://creativecommons.org/licenses/by/4.0/,5E871A8A6A549C1C49443CDA88D089134051C79F73D94CAC1B07F7999D79E25F,PMC9099525,Effect of Caffeine Ingestion on Indirect Markers of Exercise-Induced Muscle Damage: A Systematic Review of Human Trials,"The effect of caffeine on mitigating exercise-induced muscle damage (EIMD) is still poorly understood, but it was hypothesized that caffeine could contribute to decreasing delayed onset muscle soreness, attenuating temporary loss of strength, and reducing circulating levels of blood markers of muscle damage. However, evidence is not conclusive and beneficial effects of caffeine ingestion on EIMD are not always observed. Factors, such as the type of exercise that induces muscle damage, supplementation protocol, and type of marker analyzed contribute to the differences between the studies. To expand knowledge on the role of caffeine supplementation in EIMD, this systematic review aimed to investigate the effect of caffeine supplementation on different markers of muscle damage. Fourteen studies were included, evaluating the effect of caffeine on indirect muscle damage markers, including blood markers (nine studies), pain perception (six studies), and MVC maximal voluntary contraction force (four studies). It was observed in four studies that repeated administration of caffeine between 24 and 72 h after muscle damage can attenuate the perception of pain in magnitudes ranging from 3.9% to 26%. The use of a single dose of caffeine pre-exercise (five studies) or post-exercise (one study) did not alter the circulating blood levels of creatine kinase (CK). Caffeine supplementation appears to attenuate pain perception, but this does not appear to be related to an attenuation of EIMD, per se. Furthermore, the effect of caffeine supplementation after muscle damage on strength recovery remains inconclusive due to the low number of studies found (four studies) and controversial results for both dynamic and isometric strength tests.",1,10.3390/nu14091769,https://pmc.ncbi.nlm.nih.gov/articles/PMC9099525/,https://creativecommons.org/licenses/by/4.0/,0D9956900CF18BD2E3A5989ADEDCB64DF8CA6072F835E69E1CC76C498841B489,citing:PMC13626989:xml_p=8; cited:PMC9099525:abstract_p=1; BioC_passage=1; offset=120,已核对：与现有 train/dev/test、调参和评测集无重叠（陈明进 2026-10-04 确认）,member1_chenmingjin,ACCURATE,已定位,citing:PMC13626989:xml_p=8; cited:PMC9099525:abstract_p=1; BioC_passage=1; offset=120,证据提到并未改变循环血液中肌酸激酶（CK）的水平,member2_liyun,ACCURATE,已定位,citing:PMC13626989:xml_p=8; cited:PMC9099525:abstract_p=1; BioC_passage=1; offset=120,证据报告咖啡因可减轻疼痛感知，且单次给药未改变CK，支持疼痛或功能变化不一定伴随生理指标改善；当前定位需源文复核。,ACCURATE,ACCURATE,双方一致（ACCURATE）；证据定位已完成，且已确认与现有 train/dev/test、调参和评测集无重叠，写入最终 project_label。,已完成双人标注、证据定位、最终裁决与去重确认,,,一致,一致,沿用 v2 正式裁决记录；原始字段保留,沿用 pmc_oa_v2_final_trial_set_v3_2026-10-04,,v2 正式裁决记录（2026-10-04）
PMC-OA-V2-18,natural,正式试标集（自然发生引用；已定位、双标与裁决）,PMC13626989,"Effects of caffeine supplementation on post-exercise recovery: a systematic review and three-level meta-analysis of perceptual, functional performance, physiological, and sleep outcomes","The effects of caffeine on perceptual, functional, and physiological recovery after exercise remain controversial. Previous studies have reported inconsistent findings regarding pain and muscle soreness, strength recovery, and physiological markers of muscle damage. Some evidence suggests that caffeine ingestion after exercise-induced muscle damage may reduce pain perception or temporarily improve neuromuscular function; however, these changes are not consistently accompanied by corresponding improvements in physiological markers such as creatine kinase ([OTHER_CITATION]; [CITED:PMC9099525]; [OTHER_CITATION]; [OTHER_CITATION]; [OTHER_CITATION]). Existing meta-analyses have also reached different conclusions regarding delayed-onset muscle soreness. Some evidence suggests that caffeine may reduce soreness at specific recovery time points, whereas more recent findings indicate that it does not consistently improve pain at 24, 48, or 72 h after exercise ([OTHER_CITATION]; [OTHER_CITATION]). These inconsistencies may reflect differences in exercise-induced muscle damage models, caffeine dose and caffeine ingestion timing, assessment time points, and outcome measures. They also suggest that perceptual improvement, maintenance of functional performance, and physiological tissue repair may represent distinct recovery processes ([CITED:PMC9099525]; [OTHER_CITATION]; [OTHER_CITATION]; [OTHER_CITATION]).","Some evidence suggests that caffeine ingestion after exercise-induced muscle damage may reduce pain perception or temporarily improve neuromuscular function; however, these changes are not consistently accompanied by corresponding improvements in physiological markers such as creatine kinase ([OTHER_CITATION]; [CITED:PMC9099525]; [OTHER_CITATION]; [OTHER_CITATION]; [OTHER_CITATION]).",8,10.3389/fphys.2026.1960237,https://pmc.ncbi.nlm.nih.gov/articles/PMC13626989/,https://creativecommons.org/licenses/by/4.0/,5E871A8A6A549C1C49443CDA88D089134051C79F73D94CAC1B07F7999D79E25F,PMC9099525,Effect of Caffeine Ingestion on Indirect Markers of Exercise-Induced Muscle Damage: A Systematic Review of Human Trials,"The effect of caffeine on mitigating exercise-induced muscle damage (EIMD) is still poorly understood, but it was hypothesized that caffeine could contribute to decreasing delayed onset muscle soreness, attenuating temporary loss of strength, and reducing circulating levels of blood markers of muscle damage. However, evidence is not conclusive and beneficial effects of caffeine ingestion on EIMD are not always observed. Factors, such as the type of exercise that induces muscle damage, supplementation protocol, and type of marker analyzed contribute to the differences between the studies. To expand knowledge on the role of caffeine supplementation in EIMD, this systematic review aimed to investigate the effect of caffeine supplementation on different markers of muscle damage. Fourteen studies were included, evaluating the effect of caffeine on indirect muscle damage markers, including blood markers (nine studies), pain perception (six studies), and MVC maximal voluntary contraction force (four studies). It was observed in four studies that repeated administration of caffeine between 24 and 72 h after muscle damage can attenuate the perception of pain in magnitudes ranging from 3.9% to 26%. The use of a single dose of caffeine pre-exercise (five studies) or post-exercise (one study) did not alter the circulating blood levels of creatine kinase (CK). Caffeine supplementation appears to attenuate pain perception, but this does not appear to be related to an attenuation of EIMD, per se. Furthermore, the effect of caffeine supplementation after muscle damage on strength recovery remains inconclusive due to the low number of studies found (four studies) and controversial results for both dynamic and isometric strength tests.",1,10.3390/nu14091769,https://pmc.ncbi.nlm.nih.gov/articles/PMC9099525/,https://creativecommons.org/licenses/by/4.0/,0D9956900CF18BD2E3A5989ADEDCB64DF8CA6072F835E69E1CC76C498841B489,citing:PMC13626989:xml_p=8; cited:PMC9099525:abstract_p=1; BioC_passage=1; offset=120,已核对：与现有 train/dev/test、调参和评测集无重叠（陈明进 2026-10-04 确认）,member1_chenmingjin,ACCURATE,已定位,citing:PMC13626989:xml_p=8; cited:PMC9099525:abstract_p=1; BioC_passage=1; offset=120,同V2-17，,member2_liyun,ACCURATE,已定位,citing:PMC13626989:xml_p=8; cited:PMC9099525:abstract_p=1; BioC_passage=1; offset=120,与V2-17相同，证据支持疼痛感知改善与CK未改变的并存；当前定位需源文复核。,ACCURATE,ACCURATE,双方一致（ACCURATE）；证据定位已完成，且已确认与现有 train/dev/test、调参和评测集无重叠，写入最终 project_label。,已完成双人标注、证据定位、最终裁决与去重确认,,,一致,一致,沿用 v2 正式裁决记录；原始字段保留,沿用 pmc_oa_v2_final_trial_set_v3_2026-10-04,,v2 正式裁决记录（2026-10-04）
PMC-OA-V2-19,natural,正式试标集（自然发生引用；已定位、双标与裁决）,PMC13626989,"Effects of caffeine supplementation on post-exercise recovery: a systematic review and three-level meta-analysis of perceptual, functional performance, physiological, and sleep outcomes","The effects of caffeine on perceptual, functional, and physiological recovery after exercise remain controversial. Previous studies have reported inconsistent findings regarding pain and muscle soreness, strength recovery, and physiological markers of muscle damage. Some evidence suggests that caffeine ingestion after exercise-induced muscle damage may reduce pain perception or temporarily improve neuromuscular function; however, these changes are not consistently accompanied by corresponding improvements in physiological markers such as creatine kinase ([OTHER_CITATION]; [OTHER_CITATION]; [OTHER_CITATION]; [OTHER_CITATION]; [OTHER_CITATION]). Existing meta-analyses have also reached different conclusions regarding delayed-onset muscle soreness. Some evidence suggests that caffeine may reduce soreness at specific recovery time points, whereas more recent findings indicate that it does not consistently improve pain at 24, 48, or 72 h after exercise ([OTHER_CITATION]; [OTHER_CITATION]). These inconsistencies may reflect differences in exercise-induced muscle damage models, caffeine dose and caffeine ingestion timing, assessment time points, and outcome measures. They also suggest that perceptual improvement, maintenance of functional performance, and physiological tissue repair may represent distinct recovery processes ([OTHER_CITATION]; [OTHER_CITATION]; [OTHER_CITATION]; [CITED:PMC6837311]).","They also suggest that perceptual improvement, maintenance of functional performance, and physiological tissue repair may represent distinct recovery processes ([OTHER_CITATION]; [OTHER_CITATION]; [OTHER_CITATION]; [CITED:PMC6837311]).",8,10.3389/fphys.2026.1960237,https://pmc.ncbi.nlm.nih.gov/articles/PMC13626989/,https://creativecommons.org/licenses/by/4.0/,5E871A8A6A549C1C49443CDA88D089134051C79F73D94CAC1B07F7999D79E25F,PMC6837311,Effect of caffeine on neuromuscular function following eccentric-based exercise,"This study investigated the effect of caffeine on neuromuscular function, power and sprint performance during the days following an eccentric-based exercise. Using a randomly counterbalanced, crossover and double-blinded design, eleven male jumpers and sprinters (age: 18.7 ± 2.7 years) performed a half-squat exercise (4 x 12 repetitions at 70% of 1 RM), with eccentric action emphasized by using a flexible strip attached to their knees ( Tirante Musculador ® ). They ingested either a capsule of placebo or caffeine (5 mg.kg -1 body mass) 24, 48 and 72 h after. Neuromuscular function and muscle power (vertical countermovement-jump test) were assessed before and after the half-squat exercise and 50 min after the placebo or caffeine ingestion at each time-point post-exercise. Sprint performance was measured at pre-test and 75 min after the placebo or caffeine ingestion at each time-point post-exercise. Maximal voluntary contraction (overall fatigue) and twitch torque (peripheral fatigue) reduced after the half-squat exercise (-11 and -28%, respectively, P < 0.05) but returned to baseline 24 h post-exercise (P > 0.05) and were not affected by caffeine ingestion (P > 0.05). The voluntary activation (central fatigue) and sprint performance were not altered throughout the experiment and were not different between caffeine and placebo. However, caffeine increased height and power during the vertical countermovement-jump test at 48 and 72 h post half-squat exercise, when compared to the placebo (P < 0.05). In conclusion, caffeine improves muscle power 48 and 72 h after an eccentric-based exercise, but it has no effect on neuromuscular function and sprint performance.",1,10.1371/journal.pone.0224794,https://pmc.ncbi.nlm.nih.gov/articles/PMC6837311/,http://creativecommons.org/licenses/by/4.0/,D8A58212983DA584C443227CDA58E433C5641F0D2AC81CBFF310AED1AA85D25D,citing:PMC13626989:xml_p=8; cited:PMC6837311:abstract_p=1; BioC_passage=1; offset=80,已核对：与现有 train/dev/test、调参和评测集无重叠（陈明进 2026-10-04 确认）,member1_chenmingjin,NOT_ACCURATE,已定位,citing:PMC13626989:xml_p=8; cited:PMC6837311:abstract_p=1; BioC_passage=1; offset=80,证据研究咖啡因对离心运动后神经肌肉功能和功率的影响，未支持感知/功能/修复为不同恢复过程,member2_liyun,NOT_ACCURATE,已定位,citing:PMC13626989:xml_p=8; cited:PMC6837311:abstract_p=1; BioC_passage=1; offset=80,证据研究咖啡因对离心运动后神经肌肉功能、功率和冲刺表现的影响，未支持感知、功能和组织修复是不同恢复过程；当前定位需源文复核。,NOT_ACCURATE,NOT_ACCURATE,双方一致（NOT_ACCURATE）；证据定位已完成，且已确认与现有 train/dev/test、调参和评测集无重叠，写入最终 project_label。,已完成双人标注、证据定位、最终裁决与去重确认,,,一致,一致,沿用 v2 正式裁决记录；原始字段保留,沿用 pmc_oa_v2_final_trial_set_v3_2026-10-04,,v2 正式裁决记录（2026-10-04）
PMC-OA-V2-20,natural,正式试标集（自然发生引用；已定位、双标与裁决）,PMC13626992,Cleavage-stage stratification reveals the clinical and developmental potential of 0PN embryos compared with 2PN embryos in IVF,"Assisted reproductive technologies (ART) have significantly advanced over the past decades, leading to substantial improvements in clinical pregnancy and live birth rates. Despite these advances, embryo selection remains a critical determinant of treatment success. Historically, morphological features and fertilization patterns have been used to measure embryo viability, with two pronuclei (2PN) of normally fertilized embryos being accepted as the gold standard in clinical practice. By comparison, embryos formed by unusual fertilization forms, such as those without visible pronuclei (0PN), were historically considered to possess unknown developmental potential and are commonly not included in transfer ([CITED:PMC11177495], [OTHER_CITATION]).","By comparison, embryos formed by unusual fertilization forms, such as those without visible pronuclei (0PN), were historically considered to possess unknown developmental potential and are commonly not included in transfer ([CITED:PMC11177495], [OTHER_CITATION]).",6,10.3389/fendo.2026.1856070,https://pmc.ncbi.nlm.nih.gov/articles/PMC13626992/,https://creativecommons.org/licenses/by/4.0/,6C22F592A93C88A136F5002076D6F5CE8728E4C1EA295F4DE3B5B7143E2D184A,PMC11177495,Emerging trends in sperm selection: enhancing success rates in assisted reproduction,"This comprehensive review explores the evolving landscape of sperm selection techniques within the realm of Assisted Reproductive Technology (ART). Our analysis delves into a range of methods from traditional approaches like density gradient centrifugation to advanced techniques such as Magnetic-Activated Cell Sorting (MACS) and Intracytoplasmic Morphologically Selected Sperm Injection (IMSI). We critically assess the efficacy of these methods in terms of sperm motility, morphology, DNA integrity, and other functional attributes, providing a detailed comparison of their clinical outcomes. We highlight the transition from conventional sperm selection methods, which primarily focus on physical characteristics, to more sophisticated techniques that offer a comprehensive evaluation of sperm molecular properties. This shift not only promises enhanced prediction of fertilization success but also has significant implications for improving embryo quality and increasing the chances of live birth. By synthesizing various studies and research papers, we present an in-depth analysis of the predictability of different sperm selection procedures in ART. The review also discusses the clinical applicability of these methods, emphasizing their potential in shaping the future of assisted reproduction. Our findings suggest that the integration of advanced sperm selection strategies in ART could lead to more cost-effective treatments with reduced duration and higher success rates. This review aims to provide clinicians and researchers in reproductive medicine with comprehensive insights into the current state and future prospects of sperm selection technologies in ART.",1,10.1186/s12958-024-01239-1,https://pmc.ncbi.nlm.nih.gov/articles/PMC11177495/,https://creativecommons.org/licenses/by/4.0/,297804172E527105EE940E02A952E49FCBAA7821F97C7A80CF577F9B88D3497A,citing:PMC13626992:xml_p=6; cited:PMC11177495:abstract_p=1; BioC_passage=1; offset=85,已核对：与现有 train/dev/test、调参和评测集无重叠（陈明进 2026-10-04 确认）,member1_chenmingjin,IRRELEVANT,已定位,citing:PMC13626992:xml_p=6; cited:PMC11177495:abstract_p=1; BioC_passage=1; offset=85,被引文献为ART精子选择技术综述，与0PN胚胎发育潜能及移植标准不相关,member2_liyun,IRRELEVANT,已定位,citing:PMC13626992:xml_p=6; cited:PMC11177495:abstract_p=1; BioC_passage=1; offset=85,被引文献是ART精子选择技术综述，与0PN胚胎发育潜能及移植标准无关；当前定位需源文复核。,IRRELEVANT,IRRELEVANT,双方一致（IRRELEVANT）；证据定位已完成，且已确认与现有 train/dev/test、调参和评测集无重叠，写入最终 project_label。,已完成双人标注、证据定位、最终裁决与去重确认,,,一致,一致,沿用 v2 正式裁决记录；原始字段保留,沿用 pmc_oa_v2_final_trial_set_v3_2026-10-04,,v2 正式裁决记录（2026-10-04）
PMC-OA-V3-01,natural,待双方盲标,PMC12900525,Analysis of Bond Strength of Bioceramic Sealer Following Irrigation with Chlorhexidine,"Endodontic treatment must be performed in accordance with technical, biological, and scientific principles that promote tooth preservation and create favorable conditions for periapical healing through immune system activity. Because endodontic sealers remain in close contact with apical periodontal tissues, the ideal material should be biocompatible and non-toxic [<CITED:PMC10045528|1>].","Endodontic treatment must be performed in accordance with technical, biological, and scientific principles that promote tooth preservation and create favorable conditions for periapical healing through immune system activity. Because endodontic sealers remain in close contact with apical periodontal tissues, the ideal material should be biocompatible and non-toxic [<CITED:PMC10045528|1>].",PMC fullTextXML; bibliography_xref=B1; paragraph containing xref,10.22037/iej.v21i1.45971,https://pmc.ncbi.nlm.nih.gov/articles/PMC12900525/,https://creativecommons.org/licenses/by-nc-sa/4.0/,7E81E1455501FFDE54E3125739C0E358B20E00D11B4A6873D52FA8303CCEB139,PMC10045528,Bioceramics in Endodontics: Updates and Future Perspectives,"Bioceramics, with excellent bioactivity and biocompatibility, have been widely used in dentistry, particularly in endodontics. Mineral trioxide aggregate (MTA) is the most widely used bioceramic in endodontics. Recently, many new bioceramics have been developed, showing good potential for the treatment of endodontic diseases. This paper reviews the characteristics of bioceramics and their applications in various clinical endodontic situations, including root-end filling, root canal therapy, vital pulp therapy, apexification/regenerative endodontic treatment, perforation repair, and root defect repair. Relevant literature published from 1993 to 2023 was searched by keywords in PubMed and Web of Science. Current evidence supports the predictable outcome of MTA in the treatment of endodontic diseases. Although novel bioceramics such as Biodentine, EndoSequence, and calcium-enriched mixtures have shown promising clinical outcomes, more well-controlled clinical trials are still needed to provide high-level evidence for their application in endodontics. In addition, to better tackle the clinical challenges in endodontics, efforts are needed to improve the bioactivity of bioceramics, particularly to enhance their antimicrobial activity and mechanical properties and reduce their setting time and solubility.",PMC fullTextXML; PMC10045528; section=ABSTRACT; exact normalized abstract text,10.3390/bioengineering10030354,https://pmc.ncbi.nlm.nih.gov/articles/PMC10045528/,https://creativecommons.org/licenses/by/4.0/,ED69235C504C86E7E0D48385B00D6626AC2A757AD4767C8724C25B28166F9F24,PMC fullTextXML; PMC10045528; section=ABSTRACT; exact normalized abstract text,未在现有 v1/v2 candidate pool 中检出；完整 train/dev/test/调参/评测清单仍需最终交叉核对,member1_chenmingjin,ACCURATE,已定位,PMC fullTextXML; PMC10045528; section=ABSTRACT; exact normalized abstract text,"证据明确说 bioceramics 具有 excellent bioactivity and biocompatibility，并广泛用于 endodontics；支持 ""理想材料应 biocompatible and non-toxic"" 的核心，non-toxic 可由 biocompatible 合理涵盖。",member2_liyun,ACCURATE,已定位,PMC fullTextXML; PMC10045528; root p index=4; saved snapshot ED69235C504C86E7E0D48385B00D6626AC2A757AD4767C8724C25B28166F9F24,被引原文在该段明确说明牙科生物陶瓷具有低细胞毒性，并处于生物相容性/内镜治疗语境；支持施引段关于理想根管封闭材料应具生物相容性且低毒性的主张。,ACCURATE,ACCURATE,双方原始标签一致；共同确认保留 ACCURATE。,已共同裁决,2026-10-05T03:28:52+00:00,"In the late 2000s and early 2010s, more bioceramics were developed and applied to endodontic therapy, and they have biological properties comparable to MTA, such as antibacterial activity, low cytotoxicity, and mild inflammatory response [13,14]. Products such as Biodentine, EndoSequence root repair material (ERRM), BioAggregate, and calcium-enriched mixtures (CEM) have been widely used in clinical practice [15]. Biodentine was introduced in the dental market in 2009 as a “dentine substitute”, which facilitates its penetration into open dentine tubules [16]. Biodentine is formulated using MTA-based cement technology and shows increased mechanical strength and faster solidification because it contains no calcium aluminate or calcium sulfate [17]. ERRM contains EndoSequence bioceramic putty (BC Putty) in putty form (the same as iRoot BP Plus and TotalFill RRM Putty) and EndoSequence bioceramic sealer (BC Sealer) in paste form (the same as iRoot SP and TotalFill Sealer). ERRM is a hydrophilic calcium silicate material that forms hydroxyapatite after solidification. It is a class of ready-to-use bioceramics with good operational performance and a low risk of tooth discoloration [18]. BioAggregate is an aluminum-free bioceramic and contains additives such as calcium phosphate and silica. BioAggregate has been proven to possess excellent stable bond strength and sealing properties, but relatively poor mechanical properties [19,20]. CEM, which was first applied to dentistry in 2008, is made of different calcium compounds and has similar excellent properties to MTA at a more reasonable price [21]. It has similar physical properties and clinical indications to MTA but has a different chemical composition [4]. TheraCal LC entered the market in 2011 as a light-curing resin-modified calcium silicate product for use as a liner in direct and indirect pulp-capping procedures [22].",一致,一致,双方已共同确认；原始标签保留,双方原始标签一致，目标来源支持根管封闭材料的生物相容性和非毒性。,无,李云全文核对 + 陈明进 2026-10-05 回复确认
PMC-OA-V3-02,natural,待双方盲标,PMC12900525,Analysis of Bond Strength of Bioceramic Sealer Following Irrigation with Chlorhexidine,"An endodontic sealer is a plastic compound that complements root canal filling by occupying the space between gutta-percha cones and dentinal walls [<OTHER_CITATION:B2|2>]. For clinical effectiveness, it should be easy to insert, provide an adequate working time, and exhibit suitable physicochemical properties to ensure a proper seal. In addition, tolerance by periapical tissues is essential [<OTHER_CITATION:B2|2>, <CITED:PMC10765876|3>].","An endodontic sealer is a plastic compound that complements root canal filling by occupying the space between gutta-percha cones and dentinal walls [<OTHER_CITATION:B2|2>]. For clinical effectiveness, it should be easy to insert, provide an adequate working time, and exhibit suitable physicochemical properties to ensure a proper seal. In addition, tolerance by periapical tissues is essential [<OTHER_CITATION:B2|2>, <CITED:PMC10765876|3>].",PMC fullTextXML; bibliography_xref=B3; paragraph containing xref,10.22037/iej.v21i1.45971,https://pmc.ncbi.nlm.nih.gov/articles/PMC12900525/,https://creativecommons.org/licenses/by-nc-sa/4.0/,7E81E1455501FFDE54E3125739C0E358B20E00D11B4A6873D52FA8303CCEB139,PMC10765876,"Physicochemical properties of AH plus bioceramic sealer, Bio-C Sealer, and ADseal root canal sealer","The aim of this study was to evaluate the physicochemical properties of two newly introduced premixed calcium silicate-based root canal sealers (AH Plus Bioceramic Sealer and Bio-C Sealer) compared to a resin-based root canal sealer (ADseal root canal sealer). Solubility, pH analysis, calcium ion release, and film thickness of each sealer were evaluated following ISO guidelines. The data were examined using the two-way ANOVA test. Furthermore, X-ray diffraction (XRD) examination was performed to investigate the crystalline phase of each type of sealer. X-ray fluorescence (XRF) analysis was done for the chemical elemental analysis of each sealer. The least film thickness, highest alkalinity, and highest calcium ion release were all displayed by AH Plus Bioceramic Sealer. High solubility, high alkalinity, intermediate calcium ion release, and intermediate film thickness were all displayed by Bio-C Sealer. While ADseal root canal sealer displayed the greatest film thickness, least solubility, alkalinity, and calcium ion release. Both AH Plus Bioceramic Sealer and Bio-C Sealer represented adequate properties to be considered a good sealer that could be used as a potential alternative to resin-based root canal sealers.",PMC fullTextXML; PMC10765876; section=ABSTRACT; exact normalized abstract text,10.1186/s13005-023-00403-z,https://pmc.ncbi.nlm.nih.gov/articles/PMC10765876/,https://creativecommons.org/licenses/by/4.0/,2386B86383F93D9F3DE00777A5DCE7B0471F5B8427D6DA395B8363500316E48C,PMC fullTextXML; PMC10765876; section=ABSTRACT; exact normalized abstract text,未在现有 v1/v2 candidate pool 中检出；完整 train/dev/test/调参/评测清单仍需最终交叉核对,member1_chenmingjin,NOT_ACCURATE,已定位,PMC fullTextXML; PMC10765876; section=ABSTRACT; exact normalized abstract text,"证据只评价 sealer 的 physicochemical properties（溶解度、pH、钙释放、膜厚），未涉及 ""periapical tissues tolerance is essential""，该主张未被支持。",member2_liyun,ACCURATE,已定位,PMC fullTextXML; PMC10765876; root p index=6; saved snapshot 2386B86383F93D9F3DE00777A5DCE7B0471F5B8427D6DA395B8363500316E48C,被引原文明确把根管封闭剂的溶解度、碱性、生物活性和膜厚度与封闭及操作性能联系起来，支持施引段关于封闭剂应具备适当理化性质的概括。,ACCURATE,ACCURATE,全文确实支持根尖周组织耐受和生物相容性；按 CITED 对应分句判断，标为 ACCURATE。,已共同裁决,2026-10-05T03:28:52+00:00,"Insolubility is the main prerequisite for ideal root canal sealers to offer perfect sealing ability [1]. Furthermore, both the alkalinity and bioactive properties of the root canal sealer materials are significant factors that provide a great chance for tissue healing and remineralization [10, 11]. Film thickness is an important feature of a root canal sealer to ensure the perfect sealing ability of the root canal systems. Also, it affects the handling performance of the sealers [12].",分歧,一致,双方已共同确认；原始标签保留,PMC10765876 XML p=5、p=8、p=52 支持根尖周组织、组织相互作用以及生物相容性/非毒性。双方共同采用 CITED 覆盖分句口径。,按分句判断；不要求单个 CITED 覆盖施引段中所有并列分句。,李云全文核对 + 陈明进 2026-10-05 回复确认
PMC-OA-V3-03,natural,待双方盲标,PMC12900525,Analysis of Bond Strength of Bioceramic Sealer Following Irrigation with Chlorhexidine,"Adhesion is the force that holds two substances together through molecular attraction when placed in close contact [<CITED:PMC4868912|15>]. In this study, push-out tests were employed to evaluate the adhesion of different endodontic sealers to root dentin, as this method allows assessment at a site of direct clinical relevance. Unlike tests involving coronal dentin proposed in previous studies [<OTHER_CITATION:B16|16>, <OTHER_CITATION:B17|17>], this approach reflects more realistic clinical conditions.","Adhesion is the force that holds two substances together through molecular attraction when placed in close contact [<CITED:PMC4868912|15>]. In this study, push-out tests were employed to evaluate the adhesion of different endodontic sealers to root dentin, as this method allows assessment at a site of direct clinical relevance. Unlike tests involving coronal dentin proposed in previous studies [<OTHER_CITATION:B16|16>, <OTHER_CITATION:B17|17>], this approach reflects more realistic clinical conditions.",PMC fullTextXML; bibliography_xref=B15; paragraph containing xref,10.22037/iej.v21i1.45971,https://pmc.ncbi.nlm.nih.gov/articles/PMC12900525/,https://creativecommons.org/licenses/by-nc-sa/4.0/,7E81E1455501FFDE54E3125739C0E358B20E00D11B4A6873D52FA8303CCEB139,PMC4868912,Bioceramic-Based Root Canal Sealers: A Review,"Bioceramic-based root canal sealers are considered to be an advantageous technology in endodontics. The aim of this review was to consider laboratory experiments and clinical studies of these sealers. An extensive search of the endodontic literature was made to identify publications related to bioceramic-based root canal sealers. The outcome of laboratory and clinical studies on the biological and physical properties of bioceramic-based sealers along with comparative studies with other sealers was assessed. Several studies were evaluated covering different properties of bioceramic-based sealers including physical properties, biocompatibility, sealing ability, adhesion, solubility, and antibacterial efficacy. Bioceramic-based sealers were found to be biocompatible and comparable to other commercial sealers. The clinical outcomes associated with the use of bioceramic-based root canal sealers are not established in the literature.",PMC fullTextXML; PMC4868912; section=ABSTRACT; exact normalized abstract text,10.1155/2016/9753210,https://pmc.ncbi.nlm.nih.gov/articles/PMC4868912/,https://creativecommons.org/licenses/by/4.0/,E5EFD85418ED65812A8CDD1CD30915CA72B192600FAFCD6BD59AE843B8E0DD21,PMC fullTextXML; PMC4868912; section=ABSTRACT; exact normalized abstract text,未在现有 v1/v2 candidate pool 中检出；完整 train/dev/test/调参/评测清单仍需最终交叉核对,member1_chenmingjin,NOT_ACCURATE,已定位,PMC fullTextXML; PMC4868912; section=ABSTRACT; exact normalized abstract text,"证据综述 bioceramic sealers 的 adhesion 等性质，但未给出 ""adhesion is the force that holds two substances together through molecular attraction"" 的定义，定义性主张未被支持。",member2_liyun,ACCURATE,已定位,PMC fullTextXML; PMC4868912; root p index=12; saved snapshot E5EFD85418ED65812A8CDD1CD30915CA72B192600FAFCD6BD59AE843B8E0DD21,被引综述直接定义根管封闭剂对根管牙本质的黏附，并将黏附列为理想根管封闭剂性质之一，支持施引段的黏附定义；施引段关于 push-out 的实验解释属于施引方自己的方法说明。,NOT_ACCURATE,NOT_ACCURATE,双方共同确认 NOT_ACCURATE。全文将相关 attachment 说明为 mechanical interlocking forces，与施引句的 molecular attraction 不一致。,已共同裁决,2026-10-05T03:28:52+00:00,It should be tacky when mixed to provide good adhesion between it and the canal wall when set.,分歧,一致,双方已共同确认；原始标签保留,PMC4868912 XML p=39 明确给出 adhesion 定义并说明机械嵌合力；该内容与施引句的分子吸引力表述冲突。,无,李云全文核对 + 陈明进 2026-10-05 回复确认
PMC-OA-V3-04,natural,待双方盲标,PMC12900525,Analysis of Bond Strength of Bioceramic Sealer Following Irrigation with Chlorhexidine,"Razmi et al. [<CITED:PMC4841349|29>] reported that AH-Plus bond strength was unaffected by the type of irrigant, in agreement with our findings. However, they also noted reduced bond strength when CHX was used with a bioceramic sealer (EndoSequence BC), which was not replicated here. These authors further observed that AH-Plus performed better in dry canals, whereas moisture did not significantly influence bioceramic sealers, supporting the use of paper points for drying in the current protocol. Regarding fracture patterns, mixed and cohesive failures predominated for AH-Plus, while Sealer Plus BC mainly exhibited cohesive failures, indicating satisfactory bonding of both sealers to dentin [<CITED:PMC4841349|29>].","Razmi et al. [<CITED:PMC4841349|29>] reported that AH-Plus bond strength was unaffected by the type of irrigant, in agreement with our findings. However, they also noted reduced bond strength when CHX was used with a bioceramic sealer (EndoSequence BC), which was not replicated here. These authors further observed that AH-Plus performed better in dry canals, whereas moisture did not significantly influence bioceramic sealers, supporting the use of paper points for drying in the current protocol. Regarding fracture patterns, mixed and cohesive failures predominated for AH-Plus, while Sealer Plus BC mainly exhibited cohesive failures, indicating satisfactory bonding of both sealers to dentin [<CITED:PMC4841349|29>].",PMC fullTextXML; bibliography_xref=B29; paragraph containing xref,10.22037/iej.v21i1.45971,https://pmc.ncbi.nlm.nih.gov/articles/PMC12900525/,https://creativecommons.org/licenses/by-nc-sa/4.0/,7E81E1455501FFDE54E3125739C0E358B20E00D11B4A6873D52FA8303CCEB139,PMC4841349,The Effect of Canal Dryness on Bond Strength of Bioceramic and Epoxy-resin Sealers after Irrigation with Sodium Hypochlorite or Chlorhexidine,"The aim of this in vitro study was to evaluate the effect of canal dryness on the push-out bond strength of two resin sealers (AH-Plus and Adseal) and a bioceramic sealer (Endosequence BC sealer) after canal irrigation with sodium hypochlorite (NaOCl) and chlorhexidine (CHX). A total of 18 extracted human premolars were used. Canals were prepared and were divided to two groups based on irrigation solution (either NaOCl or CHX). The samples were again divided based on pre-obturation canal condition (wet, half-wet and dry). The samples were sub-divided into 3 groups based on the sealer type; the teeth were obturated with gutta-percha and test sealers (Adseal, AH-Plus or BC sealer). A total number of 18 groups were available to be cut into dentine disks (12 disks in each group). The type of bond failure was also assessed in each group. Data were analyzed using the 3-way ANOVA, post hoc Tukey’s tests, t-test and the Fisher’s exact test. The level of significance was set at 0.05. The bond strength of Adseal was not affected by the canal condition or irrigation with either NaOCl or CHX. Although the bond strength of AH-Plus was not affected by the irrigant type, the highest bond strength was seen in dry canals. For Endosequence BC sealer, the canal conditions did not affect the bond strength; however, CHX reduced the bond strength. Bond strength of resin sealers was not affected by irrigation solution; however, canal moisture negatively affected the bond strength of AH-Plus. CHX reduced the bond strength of BC sealer.",PMC fullTextXML; PMC4841349; section=ABSTRACT; exact normalized abstract text,10.7508/iej.2016.02.011,https://pmc.ncbi.nlm.nih.gov/articles/PMC4841349/,https://creativecommons.org/licenses/by/3.0/,7AEC53A66F24C1D23557E73EC5294020C67642CBC4617B76AE844568A30DAA21,PMC fullTextXML; PMC4841349; section=ABSTRACT; exact normalized abstract text,未在现有 v1/v2 candidate pool 中检出；完整 train/dev/test/调参/评测清单仍需最终交叉核对,member1_chenmingjin,NOT_ACCURATE,已定位,PMC fullTextXML; PMC4841349; section=ABSTRACT; exact normalized abstract text,摘要支持 AH-Plus 不受 irrigant 影响、CHX 降低 BC sealer 粘结强度、AH-Plus 在 dry canals 更好；但未提及 fracture patterns，也未提及 Sealer Plus BC，整段 claim 有未支持部分。,member2_liyun,ACCURATE,已定位,PMC fullTextXML; PMC4841349; root p index=2; saved snapshot 7AEC53A66F24C1D23557E73EC5294020C67642CBC4617B76AE844568A30DAA21,被引原文逐项报告 AH-Plus 在干燥根管中粘结强度最高、CHX 会降低 BC sealer 粘结强度，且与施引段所述比较方向一致。,NOT_ACCURATE,NOT_ACCURATE,双方共同确认 NOT_ACCURATE。全文虽支持若干 AH-Plus、CHX、干燥根管和断裂模式信息，但施引段的产品名与来源中的 Endosequence BC 不一致。,已共同裁决,2026-10-05T03:28:52+00:00,"The bond strength of Adseal was not affected by the canal condition or irrigation with either NaOCl or CHX. Although the bond strength of AH-Plus was not affected by the irrigant type, the highest bond strength was seen in dry canals. For Endosequence BC sealer, the canal conditions did not affect the bond strength; however, CHX reduced the bond strength.",分歧,一致,双方已共同确认；原始标签保留,PMC4841349 XML p=2、p=19、p=28、p=30 支持部分事实，但未能在当前证据中证明 Sealer Plus BC 与 Endosequence BC 是同一材料。,产品名称不一致；不能在未确认别名关系时将整段判为 ACCURATE。,李云全文核对 + 陈明进 2026-10-05 回复确认
PMC-OA-V3-05,natural,待双方盲标,PMC13583542,On Serine Octamer Substitution Reactions,"Our investigation uses the systematic variation of chirality and stoichiometry of several AA's to probe the substitution reactions that occur in Ser8 molecular clusters. The previously reported enantioselectivity of substitution [<OTHER_CITATION:rcm70182-bib-0023|23>] is confirmed and the data suggest that such reactions proceed sequentially: Ser8H+ first forms, then Ser7AAH+, potentially followed by Ser6AA2H+. Steric and stoichiometric effects were also observed, which had an unusual effect on the enantioselectivity of the substitution reactions, causing decreased chiral preference and a preference against homochirality [<CITED:PMC13324970|28>].","Our investigation uses the systematic variation of chirality and stoichiometry of several AA's to probe the substitution reactions that occur in Ser8 molecular clusters. The previously reported enantioselectivity of substitution [<OTHER_CITATION:rcm70182-bib-0023|23>] is confirmed and the data suggest that such reactions proceed sequentially: Ser8H+ first forms, then Ser7AAH+, potentially followed by Ser6AA2H+. Steric and stoichiometric effects were also observed, which had an unusual effect on the enantioselectivity of the substitution reactions, causing decreased chiral preference and a preference against homochirality [<CITED:PMC13324970|28>].",PMC fullTextXML; bibliography_xref=rcm70182-bib-0028; paragraph containing xref,10.1002/rcm.70182,https://pmc.ncbi.nlm.nih.gov/articles/PMC13583542/,http://creativecommons.org/licenses/by/4.0/,CBCAD8E5255956C6566D766AC86EF82EC8F29FB99D6490E5AB351813AC94514D,PMC13324970,Serine Octamer Substitution Reactions With α‐Hydroxy Acids,"The amino acid serine forms chiral magic number clusters, which can be studied using mass spectrometry (MS). Serine octamer clusters are also known to incorporate one or two nonserine monomers with serine monomers to make up the octamer. A Thermo LTQ ion trap mass spectrometer with nanoelectrospray ionization (nESI) was used to study cluster formation by both kinetically and energy‐resolved methods. This study validates past observations on the homochiral preference of serine octamer during its association with other nonserine monomers. A substrate scope covering α‐hydroxy acids and related molecules was studied. The chiral preference was investigated with tandem MS and the importance of salt bridge formation and α/β‐carbon hydrogen bonding was recognized. Weak interactions involving steric forces, salt bridges, ion–dipole interactions, and hydrogen bonds control stereoselective and chiroselective properties of the serine octamer cluster.",PMC fullTextXML; PMC13324970; section=ABSTRACT; exact normalized abstract text,10.1002/rcm.70133,https://pmc.ncbi.nlm.nih.gov/articles/PMC13324970/,https://creativecommons.org/licenses/by/4.0/,3A025C9E02F124816C35F5C0F56A44061DE1A03B3CDA2D9F1C935229F68249D8,PMC fullTextXML; PMC13324970; section=ABSTRACT; exact normalized abstract text,未在现有 v1/v2 candidate pool 中检出；完整 train/dev/test/调参/评测清单仍需最终交叉核对,member1_chenmingjin,NOT_ACCURATE,已定位,PMC fullTextXML; PMC13324970; section=ABSTRACT; exact normalized abstract text,"证据说 serine octamer 有 homochiral preference，而 claim 说 ""preference against homochirality""，方向相反；stoichiometric effects 和 decreased chiral preference 也未在摘要中支持。",member2_liyun,NOT_ACCURATE,已定位,PMC fullTextXML; PMC13324970; root p index=43; saved snapshot 3A025C9E02F124816C35F5C0F56A44061DE1A03B3CDA2D9F1C935229F68249D8,被引原文支持 Ser8 与 α-羟基酸的立体/手性选择性和对映选择性，但在可定位段落中没有支持施引段所说的“手性偏好降低、反同手性偏好”这一更具体结论，因此不能判为完整支持。,NOT_ACCURATE,NOT_ACCURATE,双方原始标签一致；共同确认保留 NOT_ACCURATE。,已共同裁决,2026-10-05T03:28:52+00:00,"This study examined stereoselective and chiroselective serine octamer formation with α‐hydroxy acids and related molecules. The degree of substitution and stereo/enantio‐specificity depends on the structure of the α‐hydroxy acid group. This was shown with a substrate scope that iteratively varied the number and position of carbons and hydroxyl/carboxylic acid functions. Overall, these reactions emphasize the importance of NH3 +/COO− salt bridges in creating a stable cluster: Replacing serine with an α‐hydroxy acid results in lower stability under CID conditions since these monomers lack amino groups to contribute to the salt bridge. Taken together, our observations support the hypothesis that the octamer's symmetry explains its enantioselectivity.",一致,一致,双方已共同确认；原始标签保留,双方原始标签和证据状态一致，保留原始标注理由。,无,李云全文核对 + 陈明进 2026-10-05 回复确认
PMC-OA-V3-06,natural,待双方盲标,PMC13583542,On Serine Octamer Substitution Reactions,"For isoVal (Figure 5), which has a methyl group added to its α‐carbon where a hydrogen would be in a proteogenic AA, substitution does not appear to be consecutive because both substitutions increase in a monotonic way, nor does substitution appear to be strongly enantioselective. Varying the chirality of Ser and isoVal does not significantly influence the observed abundance of the substituted octamers. This result shows that the method used in this study can distinguish enantioselective and nonenantioselective substitutions. Studying nonproteogenic AA's and the differences of their behavior in abiotic processes, such as molecular cluster formation, may help elucidate the chemical evolution that selected the proteogenic AA's. Findings from simulated prebiotic chemistry and meteorites have resulted in a consensus view that life must have evolved in a chemical space that contained a variety of organic monomers, including the proteogenic amino acids, but also related hydroxy acids, and other “noncanonical” chemicals [<CITED:PMC8876357|56>, <OTHER_CITATION:rcm70182-bib-0057|57>]. Val, norVal, isoVal, and isoLeu are especially germane in this context because these have been identified in meteorite samples in a chirally enriched form [<OTHER_CITATION:rcm70182-bib-0058|58>, <OTHER_CITATION:rcm70182-bib-0059|59>, <OTHER_CITATION:rcm70182-bib-0060|60>, <OTHER_CITATION:rcm70182-bib-0061|61>]. It is interesting then that isoVal, which is not a proteogenic AA, is unable to participate in a proposed enantio‐amplification scheme [<OTHER_CITATION:rcm70182-bib-0001|1>].","For isoVal (Figure 5), which has a methyl group added to its α‐carbon where a hydrogen would be in a proteogenic AA, substitution does not appear to be consecutive because both substitutions increase in a monotonic way, nor does substitution appear to be strongly enantioselective. Varying the chirality of Ser and isoVal does not significantly influence the observed abundance of the substituted octamers. This result shows that the method used in this study can distinguish enantioselective and nonenantioselective substitutions. Studying nonproteogenic AA's and the differences of their behavior in abiotic processes, such as molecular cluster formation, may help elucidate the chemical evolution that selected the proteogenic AA's. Findings from simulated prebiotic chemistry and meteorites have resulted in a consensus view that life must have evolved in a chemical space that contained a variety of organic monomers, including the proteogenic amino acids, but also related hydroxy acids, and other “noncanonical” chemicals [<CITED:PMC8876357|56>, <OTHER_CITATION:rcm70182-bib-0057|57>]. Val, norVal, isoVal, and isoLeu are especially germane in this context because these have been identified in meteorite samples in a chirally enriched form [<OTHER_CITATION:rcm70182-bib-0058|58>, <OTHER_CITATION:rcm70182-bib-0059|59>, <OTHER_CITATION:rcm70182-bib-0060|60>, <OTHER_CITATION:rcm70182-bib-0061|61>]. It is interesting then that isoVal, which is not a proteogenic AA, is unable to participate in a proposed enantio‐amplification scheme [<OTHER_CITATION:rcm70182-bib-0001|1>].",PMC fullTextXML; bibliography_xref=rcm70182-bib-0056; paragraph containing xref,10.1002/rcm.70182,https://pmc.ncbi.nlm.nih.gov/articles/PMC13583542/,http://creativecommons.org/licenses/by/4.0/,CBCAD8E5255956C6566D766AC86EF82EC8F29FB99D6490E5AB351813AC94514D,PMC8876357,Differential Oligomerization of Alpha versus Beta Amino Acids and Hydroxy Acids in Abiotic Proto-Peptide Synthesis Reactions,"The origin of biopolymers is a central question in origins of life research. In extant life, proteins are coded linear polymers made of a fixed set of twenty alpha-L-amino acids. It is likely that the prebiotic forerunners of proteins, or protopeptides, were more heterogenous polymers with a greater diversity of building blocks and linkage stereochemistry. To investigate a possible chemical selection for alpha versus beta amino acids in abiotic polymerization reactions, we subjected mixtures of alpha and beta hydroxy and amino acids to single-step dry-down or wet-dry cycling conditions. The resulting model protopeptide mixtures were analyzed by a variety of analytical techniques, including mass spectrometry and NMR spectroscopy. We observed that amino acids typically exhibited a higher extent of polymerization in reactions that also contained alpha hydroxy acids over beta hydroxy acids, whereas the extent of polymerization by beta amino acids was higher compared to their alpha amino acid analogs. Our results suggest that a variety of heterogenous protopeptide backbones existed during the prebiotic epoch, and that selection towards alpha backbones occurred later as a result of polymer evolution.",PMC fullTextXML; PMC8876357; section=ABSTRACT; exact normalized abstract text,10.3390/life12020265,https://pmc.ncbi.nlm.nih.gov/articles/PMC8876357/,https://creativecommons.org/licenses/by/4.0/,AF18E5447E944E5F4867A2E3835DF486FE88C243A668A36E20F21459D107D2E9,PMC fullTextXML; PMC8876357; section=ABSTRACT; exact normalized abstract text,未在现有 v1/v2 candidate pool 中检出；完整 train/dev/test/调参/评测清单仍需最终交叉核对,member1_chenmingjin,NOT_ACCURATE,已定位,PMC fullTextXML; PMC8876357; section=ABSTRACT; exact normalized abstract text,"证据支持 prebiotic 化学中存在多种 building blocks，包括 amino acids 和 hydroxy acids；但 ""meteorites"" 和 ""consensus view"" 未被该摘要支持，整句为部分支持、部分超出。",member2_liyun,NOT_ACCURATE,已定位,PMC fullTextXML; PMC8876357; root p index=4; saved snapshot AF18E5447E944E5F4867A2E3835DF486FE88C243A668A36E20F21459D107D2E9,被引原文确实讨论前生物化学和陨石中的羟基酸，但定位段没有出现施引段所指的 isoVal 或该化合物在陨石样本中的具体结论；属于主题相关但证据不足以支持该具体表述。,NOT_ACCURATE,NOT_ACCURATE,双方原始标签一致；共同确认保留 NOT_ACCURATE。,已共同裁决,2026-10-05T03:28:52+00:00,"Depsipeptides, which contain mixtures of amide and ester linkages, are plausible protopeptide candidates [25,32,44,45,46,47]. Hydroxy acids readily form esters when dried, and via ester-amide exchange, act as catalysts for the generation of amide bonds [25,32,44,45]. Wet-dry cycling can drive the oscillation between condensation at low water activity and hydrolysis in high water activity, based on Le Chatelier’s principle [48]. Depsipeptides are progressively enriched with amide bonds over ester bonds with repeated wet-dry cycles due to the differential hydrolysis rates of these two distinct types of linkages [45]. Peptide bond formation by hydroxy-acid-mediated ester-amide exchange avoids formation of diketopiperazine (DKP), a kinetic trap that prevents peptide elongation [49,50,51]. Hydroxy acids are found alongside amino acids in meteorites and are produced in model prebiotic reactions [41,52,53], arguably making depsipeptides and hydroxy-acid-capped peptides more plausibly prebiotic than pure peptides.",一致,一致,双方已共同确认；原始标签保留,双方原始标签和证据状态一致，保留原始标注理由。,无,李云全文核对 + 陈明进 2026-10-05 回复确认
PMC-OA-V3-07,natural,待双方盲标,PMC13583542,On Serine Octamer Substitution Reactions,"MS‐based chiral analysis matters because MS provides an avenue for simple and rapid exploration [<OTHER_CITATION:rcm70182-bib-0069|69>] of chirality and how chiral effects manifest biologically [<CITED:PMC13193722|70>, <OTHER_CITATION:rcm70182-bib-0071|71>, <OTHER_CITATION:rcm70182-bib-0072|72>]. Though the understanding of the role of charge in the reactions of the octamer is not complete, it is interesting to consider the suggestion that neutral Ser8, not Ser8H+, is the underlying magic cluster [<OTHER_CITATION:rcm70182-bib-0073|73>] although the aqueous microdroplets have strongly acidic (or in the opposite polarity, basic) interfaces and ionic forms might have been directly involved in the prebiotic process of chiral selection. The structure of Ser8H+ does not feature higher order symmetry as protonation disrupts the hydrogen bonding/ion‐dipole interactions [<OTHER_CITATION:rcm70182-bib-0036|36>]. However, the dichloride octamer, which has more polarizable chloride ions [<OTHER_CITATION:rcm70182-bib-0074|74>], features D4 symmetry [<OTHER_CITATION:rcm70182-bib-0035|35>], raising the question of whether neutral clusters have such symmetry and exhibit even better enantioselectivity. In either case, the serine octamer cluster provides an avenue through which enantioselected material can be transported differently than nonselected material, a potential enrichment scheme [<OTHER_CITATION:rcm70182-bib-0001|1>, <OTHER_CITATION:rcm70182-bib-0073|73>]. The importance of this phenomenon motivated this investigation's illustration of the fact that gas‐phase chiral chemistry involves two competing chemical forces weak but chirality sensitive sterics and hydrogen bonding and on the other hand strong but chirality insensitive drivers such as PA.","MS‐based chiral analysis matters because MS provides an avenue for simple and rapid exploration [<OTHER_CITATION:rcm70182-bib-0069|69>] of chirality and how chiral effects manifest biologically [<CITED:PMC13193722|70>, <OTHER_CITATION:rcm70182-bib-0071|71>, <OTHER_CITATION:rcm70182-bib-0072|72>]. Though the understanding of the role of charge in the reactions of the octamer is not complete, it is interesting to consider the suggestion that neutral Ser8, not Ser8H+, is the underlying magic cluster [<OTHER_CITATION:rcm70182-bib-0073|73>] although the aqueous microdroplets have strongly acidic (or in the opposite polarity, basic) interfaces and ionic forms might have been directly involved in the prebiotic process of chiral selection. The structure of Ser8H+ does not feature higher order symmetry as protonation disrupts the hydrogen bonding/ion‐dipole interactions [<OTHER_CITATION:rcm70182-bib-0036|36>]. However, the dichloride octamer, which has more polarizable chloride ions [<OTHER_CITATION:rcm70182-bib-0074|74>], features D4 symmetry [<OTHER_CITATION:rcm70182-bib-0035|35>], raising the question of whether neutral clusters have such symmetry and exhibit even better enantioselectivity. In either case, the serine octamer cluster provides an avenue through which enantioselected material can be transported differently than nonselected material, a potential enrichment scheme [<OTHER_CITATION:rcm70182-bib-0001|1>, <OTHER_CITATION:rcm70182-bib-0073|73>]. The importance of this phenomenon motivated this investigation's illustration of the fact that gas‐phase chiral chemistry involves two competing chemical forces weak but chirality sensitive sterics and hydrogen bonding and on the other hand strong but chirality insensitive drivers such as PA.",PMC fullTextXML; bibliography_xref=rcm70182-bib-0070; paragraph containing xref,10.1002/rcm.70182,https://pmc.ncbi.nlm.nih.gov/articles/PMC13583542/,http://creativecommons.org/licenses/by/4.0/,CBCAD8E5255956C6566D766AC86EF82EC8F29FB99D6490E5AB351813AC94514D,PMC13193722,Discovery of chirally dependent protein modifications by D- and L-2-hydroxyglutarates,"Mutations in isocitrate dehydrogenase 1 (IDH1) and 2 (IDH2) are common in multiple types of human cancer and cause accumulation of the oncometabolite D-2-hydroxyglutarate (D2HG) instead of α-ketoglutarate, driving cancers like gliomas and acute myeloid leukaemia by blocking cell differentiation and promoting tumour growth. Here we discovered protein O-2-hydroxyglutarylation by D2HG using chemical proteomics and further revealed distinct chiral preferences for D2HG and L-2-hydroxyglutarate (L2HG) modifications. D2HG modifications are upregulated in IDH-mutant cells or upon D2HG treatment, while L2HG modifications increase under hypoxic conditions or following L2HG treatment. Notably, two kinases MRCKA and SLK are modified by D2HG and L2HG, respectively, and confirmed by synthetic peptide standards. Phosphoproteomics revealed reduced phosphorylation of MRCKA and SLK substrates, suggesting crosstalk between D/L-2HG modification and kinase activity. These findings highlight distinctive roles of D/L-2HG modifications in cancer progression and suggest potential avenues for therapeutic targeting of oncometabolite-induced post-translational modifications. Subject terms: Chemical modification, Proteomics Mutant isocitrate dehydrogenase 1/2-driven D-2-hydroxyglutarate (D2HG) and hypoxia-induced L-2-hydroxyglutarate (L2HG) are known to non-covalently inhibit α-ketoglutarate-dependent enzymes in several cancer types. Now, through use of chemical proteomics, stereoselective protein O-2-hydroxyglutarylation by D2HG or L2HG has been characterized as a distinct oncometabolite-induced post-translational modification with evidence for crosstalk with kinase activity.",PMC fullTextXML; PMC13193722; section=ABSTRACT; exact normalized abstract text,10.1038/s41557-026-02093-x,https://pmc.ncbi.nlm.nih.gov/articles/PMC13193722/,http://creativecommons.org/licenses/by/4.0/,763A7C1E2DBC8C75DC4BF0BFC2D2277C08AD45B385B91D61F6C61DE6A7C50CD3,PMC fullTextXML; PMC13193722; section=ABSTRACT; exact normalized abstract text,未在现有 v1/v2 candidate pool 中检出；完整 train/dev/test/调参/评测清单仍需最终交叉核对,member1_chenmingjin,ACCURATE,已定位,PMC fullTextXML; PMC13193722; section=ABSTRACT; exact normalized abstract text,"证据展示 D/L-2HG 修饰具有 distinct chiral preferences，并影响 cancer progression，支持 ""chiral effects manifest biologically"" 这一主张。",member2_liyun,NOT_ACCURATE,已定位,PMC fullTextXML; PMC13193722; root p index=7; saved snapshot 763A7C1E2DBC8C75DC4BF0BFC2D2277C08AD45B385B91D61F6C61DE6A7C50CD3,被引原文说明质谱蛋白质组学具有较高灵敏度和通量，并用于发现手性相关蛋白修饰，但没有直接支持施引段“质谱提供简单快速的手性探索”这一方法学概括；保守标为不准确。,ACCURATE,ACCURATE,按 CITED 覆盖的分句判断，双方共同确认 ACCURATE。目标文献支持手性差异及其对生物过程的影响；不将其他引用承担的分句强行归给本 CITED。,已共同裁决,2026-10-05T03:28:52+00:00,"Mass spectrometry (MS)-based proteomics has greatly advanced the study of PTMs, offering high sensitivity and throughput15,16. However, despite these technical strides, the identification of unique PTMs remains a formidable challenge. Traditional methods falter when faced with the inherent complexity of protein modifications, particularly when discovering previously unknown PTMs. The most direct approach for identifying PTMs involves analysing mass shifts of peptides in proteomic data through an open search17–19. However, this method is hindered by the inherently low sensitivity and abundance of modified peptides relative to their unmodified counterparts, making detection difficult and often elusive. While antibody-based enrichment can improve the detection of modified peptides, its effectiveness is highly dependent on the specificity and availability of suitable antibodies. Moreover, developing antibodies for previously uncharacterized PTMs is both challenging and time-consuming, limiting their utility for rapid discovery15. Given these obstacles, there is a pressing need for more efficient methods to discover PTMs, particularly in cancer research. Innovations in this area could provide deeper insights into the molecular mechanisms driving tumour progression and pave the way for therapeutic intervention discovery.",分歧,一致,双方已共同确认；原始标签保留,PMC13193722 XML p=1、p=7、p=8 支持 D/L-2HG 的手性差异、相关生物效应及 MS/蛋白质组学研究。,按多引用句的 CITED 覆盖分句判断。,李云全文核对 + 陈明进 2026-10-05 回复确认
PMC-OA-V3-08,natural,待双方盲标,PMC13625197,"4‐Methylumbelliferone Restores Age‐Related Changes in Perineuronal Nets, Memory, and Neuroinflammation","PNNs are specialized extracellular matrix (ECM) structures that enwrap specific subgroups of neurons, most prominently parvalbumin‐positive (PV+) inhibitory interneurons (Lupori et al. <OTHER_CITATION:glia70233-bib-0032|2023>). They form unique mesh‐like pericellular coats that regulate the diffusion of neurotransmitters, ions, growth factors, and metabolites, as well as the distribution and clustering of synaptic receptors, thereby exerting a profound influence on synaptic transmission and neuronal function. PNNs are composed of a hyaluronan (HA) backbone anchored to the neuronal surface by hyaluronic acid synthase (HAS). Chondroitin sulfate proteoglycans (CSPGs) and tenascins attach to HA and are stabilized by link proteins (Crtl1/Hapln1, Bral2/Hapln4) (Testa et al. <OTHER_CITATION:glia70233-bib-0058|2019>; Auer et al. <OTHER_CITATION:glia70233-bib-0003|2025>). They are considered central pillars of neuroplasticity. Functionally, PNNs play a central role in closing critical periods of increased neuroplasticity in the CNS. Condensation of PNNs toward the end of neurodevelopment is highly linked to reduced synaptic flexibility and impaired learning in aged subjects. Experimental degradation or remodeling of PNNs in adulthood has been shown to enhance neuroplasticity, resulting in increased associative, spatial, social, and auditory memory (Fawcett et al. <CITED:PMC9708575|2022>).","PNNs are specialized extracellular matrix (ECM) structures that enwrap specific subgroups of neurons, most prominently parvalbumin‐positive (PV+) inhibitory interneurons (Lupori et al. <OTHER_CITATION:glia70233-bib-0032|2023>). They form unique mesh‐like pericellular coats that regulate the diffusion of neurotransmitters, ions, growth factors, and metabolites, as well as the distribution and clustering of synaptic receptors, thereby exerting a profound influence on synaptic transmission and neuronal function. PNNs are composed of a hyaluronan (HA) backbone anchored to the neuronal surface by hyaluronic acid synthase (HAS). Chondroitin sulfate proteoglycans (CSPGs) and tenascins attach to HA and are stabilized by link proteins (Crtl1/Hapln1, Bral2/Hapln4) (Testa et al. <OTHER_CITATION:glia70233-bib-0058|2019>; Auer et al. <OTHER_CITATION:glia70233-bib-0003|2025>). They are considered central pillars of neuroplasticity. Functionally, PNNs play a central role in closing critical periods of increased neuroplasticity in the CNS. Condensation of PNNs toward the end of neurodevelopment is highly linked to reduced synaptic flexibility and impaired learning in aged subjects. Experimental degradation or remodeling of PNNs in adulthood has been shown to enhance neuroplasticity, resulting in increased associative, spatial, social, and auditory memory (Fawcett et al. <CITED:PMC9708575|2022>).",PMC fullTextXML; bibliography_xref=glia70233-bib-0016; paragraph containing xref,10.1002/glia.70233,https://pmc.ncbi.nlm.nih.gov/articles/PMC13625197/,http://creativecommons.org/licenses/by/4.0/,9D71835DD08D8ECB7E51EBFA44FDE71042CD790623EF451977335C9D473B13ED,PMC9708575,The extracellular matrix and perineuronal nets in memory,"All components of the CNS are surrounded by a diffuse extracellular matrix (ECM) containing chondroitin sulphate proteoglycans (CSPGs), heparan sulphate proteoglycans (HSPGs), hyaluronan, various glycoproteins including tenascins and thrombospondin, and many other molecules that are secreted into the ECM and bind to ECM components. In addition, some neurons, particularly inhibitory GABAergic parvalbumin-positive (PV) interneurons, are surrounded by a more condensed cartilage-like ECM called perineuronal nets (PNNs). PNNs surround the soma and proximal dendrites as net-like structures that surround the synapses. Attention has focused on the role of PNNs in the control of plasticity, but it is now clear that PNNs also play an important part in the modulation of memory. In this review we summarize the role of the ECM, particularly the PNNs, in the control of various types of memory and their participation in memory pathology. PNNs are now being considered as a target for the treatment of impaired memory. There are many potential treatment targets in PNNs, mainly through modulation of the sulphation, binding, and production of the various CSPGs that they contain or through digestion of their sulphated glycosaminoglycans.",PMC fullTextXML; PMC9708575; section=ABSTRACT; exact normalized abstract text,10.1038/s41380-022-01634-3,https://pmc.ncbi.nlm.nih.gov/articles/PMC9708575/,https://creativecommons.org/licenses/by/4.0/,FEA99FBEE326815D974497AEC2A3930AA66F02B6BB4CAD64F8CA4A0D412C3D71,PMC fullTextXML; PMC9708575; section=ABSTRACT; exact normalized abstract text,未在现有 v1/v2 candidate pool 中检出；完整 train/dev/test/调参/评测清单仍需最终交叉核对,member1_chenmingjin,NOT_ACCURATE,已定位,PMC fullTextXML; PMC9708575; section=ABSTRACT; exact normalized abstract text,"摘要支持 PNNs 参与 memory modulation，但未说 ""experimental degradation or remodeling of PNNs in adulthood"" 可增强 neuroplasticity，也未列出 associative/spatial/social/auditory memory 的具体结果。",member2_liyun,ACCURATE,已定位,PMC fullTextXML; PMC9708575; root p index=0; saved snapshot FEA99FBEE326815D974497AEC2A3930AA66F02B6BB4CAD64F8CA4A0D412C3D71,被引综述直接说明 PNN 包围神经元并参与可塑性和记忆调节，且讨论 PNN 降解/重塑对记忆的影响，支持施引段的核心主张。,ACCURATE,ACCURATE,全文支持 PNN 降解/重塑以及关联、空间、社会和听觉记忆相关效应，双方共同确认 ACCURATE。,已共同裁决,2026-10-05T03:28:52+00:00,"All components of the CNS are surrounded by a diffuse extracellular matrix (ECM) containing chondroitin sulphate proteoglycans (CSPGs), heparan sulphate proteoglycans (HSPGs), hyaluronan, various glycoproteins including tenascins and thrombospondin, and many other molecules that are secreted into the ECM and bind to ECM components. In addition, some neurons, particularly inhibitory GABAergic parvalbumin-positive (PV) interneurons, are surrounded by a more condensed cartilage-like ECM called perineuronal nets (PNNs). PNNs surround the soma and proximal dendrites as net-like structures that surround the synapses. Attention has focused on the role of PNNs in the control of plasticity, but it is now clear that PNNs also play an important part in the modulation of memory. In this review we summarize the role of the ECM, particularly the PNNs, in the control of various types of memory and their participation in memory pathology. PNNs are now being considered as a target for the treatment of impaired memory. There are many potential treatment targets in PNNs, mainly through modulation of the sulphation, binding, and production of the various CSPGs that they contain or through digestion of their sulphated glycosaminoglycans.",分歧,一致,双方已共同确认；原始标签保留,PMC9708575 XML p=13、p=19–24、p=35 直接支持成年期 PNN 降解/重塑、神经可塑性以及多类学习/记忆效应。,无,李云全文核对 + 陈明进 2026-10-05 回复确认
PMC-OA-V3-09,natural,待双方盲标,PMC13625197,"4‐Methylumbelliferone Restores Age‐Related Changes in Perineuronal Nets, Memory, and Neuroinflammation","Beyond its structural role in regulating synaptic plasticity, HA‐rich ECM is increasingly recognized as a dynamic signaling platform that coordinates also glial activation (Peters and Sherman <CITED:PMC7504301|2020>), inflammatory signaling (Kuipers, Rieck, et al. <OTHER_CITATION:glia70233-bib-0029|2016>), and blood–brain barrier (BBB) integrity (Al‐Ahmad et al. <OTHER_CITATION:glia70233-bib-0001|2019>).","Beyond its structural role in regulating synaptic plasticity, HA‐rich ECM is increasingly recognized as a dynamic signaling platform that coordinates also glial activation (Peters and Sherman <CITED:PMC7504301|2020>), inflammatory signaling (Kuipers, Rieck, et al. <OTHER_CITATION:glia70233-bib-0029|2016>), and blood–brain barrier (BBB) integrity (Al‐Ahmad et al. <OTHER_CITATION:glia70233-bib-0001|2019>).",PMC fullTextXML; bibliography_xref=glia70233-bib-0043; paragraph containing xref,10.1002/glia.70233,https://pmc.ncbi.nlm.nih.gov/articles/PMC13625197/,http://creativecommons.org/licenses/by/4.0/,9D71835DD08D8ECB7E51EBFA44FDE71042CD790623EF451977335C9D473B13ED,PMC7504301,Diverse Roles for Hyaluronan and Hyaluronan Receptors in the Developing and Adult Nervous System,"Hyaluronic acid (HA) plays a vital role in the extracellular matrix of neural tissues. Originally thought to hydrate tissues and provide mechanical support, it is now clear that HA is also a complex signaling molecule that can regulate cell processes in the developing and adult nervous systems. Signaling properties are determined by molecular weight, bound proteins, and signal transduction through specific receptors. HA signaling regulates processes such as proliferation, differentiation, migration, and process extension in a variety of cell types including neural stem cells, neurons, astrocytes, microglia, and oligodendrocyte progenitors. The synthesis and catabolism of HA and the expression of HA receptors are altered in disease and influence neuroinflammation and disease pathogenesis. This review discusses the roles of HA, its synthesis and breakdown, as well as receptor expression in neurodevelopment, nervous system function and disease. Keywords: hyaluronic acid, hyaluronan, nervous system, neurodevelopment, neurogenesis, extracellular matrix",PMC fullTextXML; PMC7504301; section=ABSTRACT; exact normalized abstract text,10.3390/ijms21175988,https://pmc.ncbi.nlm.nih.gov/articles/PMC7504301/,http://creativecommons.org/licenses/by/4.0/,DE2CD1CAF4F18BEB8794A9EECFEFBA12BC52820C5A53CDB0BBF47C80C9DC7F4C,PMC fullTextXML; PMC7504301; section=ABSTRACT; exact normalized abstract text,未在现有 v1/v2 candidate pool 中检出；完整 train/dev/test/调参/评测清单仍需最终交叉核对,member1_chenmingjin,ACCURATE,已定位,PMC fullTextXML; PMC7504301; section=ABSTRACT; exact normalized abstract text,证据明确说 HA 是 complex signaling molecule，可调节 astrocytes、microglia，并影响 neuroinflammation，支持 HA-rich ECM 作为 signaling platform 协调 glial activation。,member2_liyun,ACCURATE,已定位,PMC fullTextXML; PMC7504301; root p index=1; saved snapshot DE2CD1CAF4F18BEB8794A9EECFEFBA12BC52820C5A53CDB0BBF47C80C9DC7F4C,被引综述明确说明 HA 是神经组织 ECM 的信号分子，可调节星形胶质细胞、小胶质细胞等细胞过程，并影响神经炎症，支持施引段关于 HA-rich ECM 与胶质激活/炎症信号关系的概括。,ACCURATE,ACCURATE,双方原始标签一致；共同确认保留 ACCURATE。,已共同裁决,2026-10-05T03:28:52+00:00,"Hyaluronic acid (HA) plays a vital role in the extracellular matrix of neural tissues. Originally thought to hydrate tissues and provide mechanical support, it is now clear that HA is also a complex signaling molecule that can regulate cell processes in the developing and adult nervous systems. Signaling properties are determined by molecular weight, bound proteins, and signal transduction through specific receptors. HA signaling regulates processes such as proliferation, differentiation, migration, and process extension in a variety of cell types including neural stem cells, neurons, astrocytes, microglia, and oligodendrocyte progenitors. The synthesis and catabolism of HA and the expression of HA receptors are altered in disease and influence neuroinflammation and disease pathogenesis. This review discusses the roles of HA, its synthesis and breakdown, as well as receptor expression in neurodevelopment, nervous system function and disease.",一致,一致,双方已共同确认；原始标签保留,双方原始标签和证据状态一致，保留原始标注理由。,无,李云全文核对 + 陈明进 2026-10-05 回复确认
PMC-OA-V3-10,natural,待双方盲标,PMC13625197,"4‐Methylumbelliferone Restores Age‐Related Changes in Perineuronal Nets, Memory, and Neuroinflammation","Brain aging is accompanied by profound changes in glial cells. These include altered morphology, increased numbers, and a shift toward reactive phenotypes. Within the tetrapartite synapse, glial reactivity and structural alterations disrupt synaptic homeostasis (Latham et al. <CITED:PMC10464498|2023>). Such changes contribute to reduced neuroplasticity, neuronal degradation, and increased vulnerability to neurodegenerative processes (Jurcau et al. <OTHER_CITATION:glia70233-bib-0026|2024>).","Brain aging is accompanied by profound changes in glial cells. These include altered morphology, increased numbers, and a shift toward reactive phenotypes. Within the tetrapartite synapse, glial reactivity and structural alterations disrupt synaptic homeostasis (Latham et al. <CITED:PMC10464498|2023>). Such changes contribute to reduced neuroplasticity, neuronal degradation, and increased vulnerability to neurodegenerative processes (Jurcau et al. <OTHER_CITATION:glia70233-bib-0026|2024>).",PMC fullTextXML; bibliography_xref=glia70233-bib-0030; paragraph containing xref,10.1002/glia.70233,https://pmc.ncbi.nlm.nih.gov/articles/PMC13625197/,http://creativecommons.org/licenses/by/4.0/,9D71835DD08D8ECB7E51EBFA44FDE71042CD790623EF451977335C9D473B13ED,PMC10464498,Biological agents and the aging brain: glial inflammation and neurotoxic signaling,"Neuroinflammation is a universal characteristic of brain aging and neurological disorders, irrespective of the disease state. Glial inflammation mediates this signaling, through astrocyte and microglial polarization from neuroprotective to neurotoxic phenotypes. Glial reactivity results in the loss of homeostasis, as these cells no longer provide support to neurons, in addition to the production of chronically toxic pro-inflammatory mediators. These glial changes initiate an inflammatory brain state that injures the central nervous system (CNS) over time. As the brain ages, glia are altered, including increased glial cell numbers, morphological changes, and either a pre-disposition or inability to become reactive. These alterations induce age-related neuropathologies, ultimately leading to neuronal degradation and irreversible damage associated with disorders of the aged brain, including Alzheimer’s Disease (AD) and other related diseases. While the complex interactions of these glial cells and the brain are well studied, the role additional stressors, such as infectious agents, play on age-related neuropathology has not been fully elucidated. Both biological agents in the periphery, such as bacterial infections, or in the CNS, including viral infections like SARS-CoV-2, push glia into neuroinflammatory phenotypes that can exacerbate pathology within the aging brain. These biological agents release pattern associated molecular patterns (PAMPs) that bind to pattern recognition receptors (PRRs) on glial cells, beginning an inflammatory cascade. In this review, we will summarize the evidence that biological agents induce reactive glia, which worsens age-related neuropathology.",PMC fullTextXML; PMC10464498; section=ABSTRACT; exact normalized abstract text,10.3389/fragi.2023.1244149,https://pmc.ncbi.nlm.nih.gov/articles/PMC10464498/,https://creativecommons.org/licenses/by/4.0/,B8E50E8F5F468B28B842C3E3E49D72F285D2EC27EB855D957808DEFE9C4C2E03,PMC fullTextXML; PMC10464498; section=ABSTRACT; exact normalized abstract text,未在现有 v1/v2 candidate pool 中检出；完整 train/dev/test/调参/评测清单仍需最终交叉核对,member1_chenmingjin,ACCURATE,已定位,PMC fullTextXML; PMC10464498; section=ABSTRACT; exact normalized abstract text,证据明确说 HA 是 complex signaling molecule，可调节 astrocytes、microglia，并影响 neuroinflammation，支持 HA-rich ECM 作为 signaling platform 协调 glial activation。,member2_liyun,ACCURATE,已定位,PMC fullTextXML; PMC10464498; root p index=3; saved snapshot B8E50E8F5F468B28B842C3E3E49D72F285D2EC27EB855D957808DEFE9C4C2E03,被引综述明确说明脑衰老伴随胶质炎症、胶质反应性改变、神经元支持丧失和神经退行性损伤，支持施引段关于脑衰老胶质改变及其后果的主张。,ACCURATE,ACCURATE,证据明确指出神经炎症是大脑衰老的普遍特征，星形胶质细胞和小胶质细胞从神经保护表型极化为神经毒性表型，胶质反应性导致稳态丧失并产生神经毒性信号，支持施引句关于大脑衰老伴随胶质细胞形态改变、数量增加及反应性表型转变的主张。,已共同裁决,2026-10-05T03:28:52+00:00,"Neuroinflammation is a universal characteristic of brain aging and neurological disorders, irrespective of the disease state. Glial inflammation mediates this signaling, through astrocyte and microglial polarization from neuroprotective to neurotoxic phenotypes. Glial reactivity results in the loss of homeostasis, as these cells no longer provide support to neurons, in addition to the production of chronically toxic pro-inflammatory mediators. These glial changes initiate an inflammatory brain state that injures the central nervous system (CNS) over time. As the brain ages, glia are altered, including increased glial cell numbers, morphological changes, and either a pre-disposition or inability to become reactive. These alterations induce age-related neuropathologies, ultimately leading to neuronal degradation and irreversible damage associated with disorders of the aged brain, including Alzheimer’s Disease (AD) and other related diseases. While the complex interactions of these glial cells and the brain are well studied, the role additional stressors, such as infectious agents, play on age-related neuropathology has not been fully elucidated. Both biological agents in the periphery, such as bacterial infections, or in the CNS, including viral infections like SARS-CoV-2, push glia into neuroinflammatory phenotypes that can exacerbate pathology within the aging brain. These biological agents release pattern associated molecular patterns (PAMPs) that bind to pattern recognition receptors (PRRs) on glial cells, beginning an inflammatory cascade. In this review, we will summarize the evidence that biological agents induce reactive glia, which worsens age-related neuropathology.",一致,一致,双方已共同确认；原始标签保留,PMC10464498 XML p=3 支持脑老化、胶质细胞反应、神经炎症、稳态丧失和神经元退化等施引内容。,已用与本条来源对应的理由替换原回传中疑似复制 V3-09 的理由；原始理由仍保留在原始回传和对照表中。,李云全文核对 + 陈明进 2026-10-05 回复确认
